
  .   ____          _            __ _ _
 /\\ / ___'_ __ _ _(_)_ __  __ _ \ \ \ \
( ( )\___ | '_ | '_| | '_ \/ _` | \ \ \ \
 \\/  ___)| |_)| | | | | || (_| |  ) ) ) )
  '  |____| .__|_| |_|_| |_\__, | / / / /
 =========|_|==============|___/=/_/_/_/
 :: Spring Boot ::                (v3.0.2)

2025-08-16T20:36:13.243+03:00 DEBUG 15475 --- [kground-preinit] org.jboss.logging                        : Logging Provider: org.jboss.logging.Slf4jLoggerProvider found via system property
2025-08-16T20:36:13.258+03:00 DEBUG 15475 --- [kground-preinit] o.h.v.i.xml.config.ValidationXmlParser   : Trying to load META-INF/validation.xml for XML based Validator configuration.
2025-08-16T20:36:13.259+03:00 DEBUG 15475 --- [kground-preinit] o.h.v.i.xml.config.ResourceLoaderHelper  : Trying to load META-INF/validation.xml via TCCL
2025-08-16T20:36:13.260+03:00 DEBUG 15475 --- [kground-preinit] o.h.v.i.xml.config.ResourceLoaderHelper  : Trying to load META-INF/validation.xml via Hibernate Validator's class loader
2025-08-16T20:36:13.260+03:00 DEBUG 15475 --- [kground-preinit] o.h.v.i.xml.config.ValidationXmlParser   : No META-INF/validation.xml found. Using annotation based configuration only.
2025-08-16T20:36:13.270+03:00 DEBUG 15475 --- [kground-preinit] o.h.v.i.e.resolver.TraversableResolvers  : Found jakarta.persistence.Persistence on classpath containing 'getPersistenceUtil'. Assuming JPA 2 environment. Trying to instantiate JPA aware TraversableResolver
2025-08-16T20:36:13.271+03:00 DEBUG 15475 --- [kground-preinit] o.h.v.i.e.resolver.TraversableResolvers  : Instantiated JPA aware TraversableResolver of type org.hibernate.validator.internal.engine.resolver.JPATraversableResolver.
2025-08-16T20:36:13.311+03:00 DEBUG 15475 --- [kground-preinit] .h.v.m.ResourceBundleMessageInterpolator : Loaded expression factory via original TCCL
2025-08-16T20:36:13.324+03:00  INFO 15475 --- [           main] com.javarush.jira.JiraRushApplication    : Starting JiraRushApplication v1.0 using Java 17.0.9 with PID 15475 (/Users/nastya/IdeaProjects/project-final-version2/target/jira-1.0.jar started by nastya in /Users/nastya/IdeaProjects/project-final-version2)
2025-08-16T20:36:13.325+03:00 DEBUG 15475 --- [           main] com.javarush.jira.JiraRushApplication    : Running with Spring Boot v3.0.2, Spring v6.0.4
2025-08-16T20:36:13.325+03:00  INFO 15475 --- [           main] com.javarush.jira.JiraRushApplication    : The following 1 profile is active: "prod"
2025-08-16T20:36:13.326+03:00 DEBUG 15475 --- [           main] o.s.boot.SpringApplication               : Loading source class com.javarush.jira.JiraRushApplication
2025-08-16T20:36:13.387+03:00 DEBUG 15475 --- [           main] ConfigServletWebServerApplicationContext : Refreshing org.springframework.boot.web.servlet.context.AnnotationConfigServletWebServerApplicationContext@fba92d3
2025-08-16T20:36:13.410+03:00 DEBUG 15475 --- [           main] o.s.b.f.s.DefaultListableBeanFactory     : Creating shared instance of singleton bean 'org.springframework.context.annotation.internalConfigurationAnnotationProcessor'
2025-08-16T20:36:13.426+03:00 DEBUG 15475 --- [           main] o.s.b.f.s.DefaultListableBeanFactory     : Creating shared instance of singleton bean 'org.springframework.boot.autoconfigure.internalCachingMetadataReaderFactory'
2025-08-16T20:36:13.452+03:00 DEBUG 15475 --- [kground-preinit] .i.e.ValidatorFactoryConfigurationHelper : HV000252: Using org.hibernate.validator.internal.engine.DefaultPropertyNodeNameProvider as property node name provider.
2025-08-16T20:36:13.462+03:00 DEBUG 15475 --- [kground-preinit] .i.e.ValidatorFactoryConfigurationHelper : HV000234: Using org.hibernate.validator.messageinterpolation.ResourceBundleMessageInterpolator as ValidatorFactory-scoped message interpolator.
2025-08-16T20:36:13.462+03:00 DEBUG 15475 --- [kground-preinit] .i.e.ValidatorFactoryConfigurationHelper : HV000234: Using org.hibernate.validator.internal.engine.resolver.JPATraversableResolver as ValidatorFactory-scoped traversable resolver.
2025-08-16T20:36:13.462+03:00 DEBUG 15475 --- [kground-preinit] .i.e.ValidatorFactoryConfigurationHelper : HV000234: Using org.hibernate.validator.internal.util.ExecutableParameterNameProvider as ValidatorFactory-scoped parameter name provider.
2025-08-16T20:36:13.462+03:00 DEBUG 15475 --- [kground-preinit] .i.e.ValidatorFactoryConfigurationHelper : HV000234: Using org.hibernate.validator.internal.engine.DefaultClockProvider as ValidatorFactory-scoped clock provider.
2025-08-16T20:36:13.463+03:00 DEBUG 15475 --- [kground-preinit] .i.e.ValidatorFactoryConfigurationHelper : HV000234: Using org.hibernate.validator.internal.engine.scripting.DefaultScriptEvaluatorFactory as ValidatorFactory-scoped script evaluator factory.
2025-08-16T20:36:13.519+03:00 DEBUG 15475 --- [           main] o.s.c.a.ClassPathBeanDefinitionScanner   : Identified candidate component class: URL [jar:file:/Users/nastya/IdeaProjects/project-final-version2/target/jira-1.0.jar!/BOOT-INF/classes!/com/javarush/jira/ref/ReferenceService.class]
2025-08-16T20:36:13.524+03:00 DEBUG 15475 --- [           main] o.s.c.a.ClassPathBeanDefinitionScanner   : Identified candidate component class: URL [jar:file:/Users/nastya/IdeaProjects/project-final-version2/target/jira-1.0.jar!/BOOT-INF/classes!/com/javarush/jira/ref/internal/ReferenceMapperImpl.class]
2025-08-16T20:36:13.535+03:00 DEBUG 15475 --- [           main] o.s.c.a.ClassPathBeanDefinitionScanner   : Identified candidate component class: URL [jar:file:/Users/nastya/IdeaProjects/project-final-version2/target/jira-1.0.jar!/BOOT-INF/classes!/com/javarush/jira/ref/internal/web/AdminUIReferenceController.class]
2025-08-16T20:36:13.561+03:00 DEBUG 15475 --- [           main] o.s.c.a.ClassPathBeanDefinitionScanner   : Identified candidate component class: URL [jar:file:/Users/nastya/IdeaProjects/project-final-version2/target/jira-1.0.jar!/BOOT-INF/classes!/com/javarush/jira/ref/internal/web/ReferenceController.class]
2025-08-16T20:36:13.571+03:00 DEBUG 15475 --- [           main] o.s.c.a.ClassPathBeanDefinitionScanner   : Identified candidate component class: URL [jar:file:/Users/nastya/IdeaProjects/project-final-version2/target/jira-1.0.jar!/BOOT-INF/classes!/com/javarush/jira/mail/internal/MailListeners.class]
2025-08-16T20:36:13.573+03:00 DEBUG 15475 --- [           main] o.s.c.a.ClassPathBeanDefinitionScanner   : Identified candidate component class: URL [jar:file:/Users/nastya/IdeaProjects/project-final-version2/target/jira-1.0.jar!/BOOT-INF/classes!/com/javarush/jira/mail/MailService.class]
2025-08-16T20:36:13.574+03:00 DEBUG 15475 --- [           main] o.s.c.a.ClassPathBeanDefinitionScanner   : Identified candidate component class: URL [jar:file:/Users/nastya/IdeaProjects/project-final-version2/target/jira-1.0.jar!/BOOT-INF/classes!/com/javarush/jira/bugtracking/tree/TreeRestController.class]
2025-08-16T20:36:13.575+03:00 DEBUG 15475 --- [           main] o.s.c.a.ClassPathBeanDefinitionScanner   : Identified candidate component class: URL [jar:file:/Users/nastya/IdeaProjects/project-final-version2/target/jira-1.0.jar!/BOOT-INF/classes!/com/javarush/jira/bugtracking/tree/NodeMapperImpl.class]
2025-08-16T20:36:13.578+03:00 DEBUG 15475 --- [           main] o.s.c.a.ClassPathBeanDefinitionScanner   : Identified candidate component class: URL [jar:file:/Users/nastya/IdeaProjects/project-final-version2/target/jira-1.0.jar!/BOOT-INF/classes!/com/javarush/jira/bugtracking/Handlers$AttachmentHandler.class]
2025-08-16T20:36:13.580+03:00 DEBUG 15475 --- [           main] o.s.c.a.ClassPathBeanDefinitionScanner   : Identified candidate component class: URL [jar:file:/Users/nastya/IdeaProjects/project-final-version2/target/jira-1.0.jar!/BOOT-INF/classes!/com/javarush/jira/bugtracking/Handlers$ActivityHandler.class]
2025-08-16T20:36:13.580+03:00 DEBUG 15475 --- [           main] o.s.c.a.ClassPathBeanDefinitionScanner   : Identified candidate component class: URL [jar:file:/Users/nastya/IdeaProjects/project-final-version2/target/jira-1.0.jar!/BOOT-INF/classes!/com/javarush/jira/bugtracking/Handlers$TaskFullHandler.class]
2025-08-16T20:36:13.581+03:00 DEBUG 15475 --- [           main] o.s.c.a.ClassPathBeanDefinitionScanner   : Identified candidate component class: URL [jar:file:/Users/nastya/IdeaProjects/project-final-version2/target/jira-1.0.jar!/BOOT-INF/classes!/com/javarush/jira/bugtracking/attachment/AttachmentMapperImpl.class]
2025-08-16T20:36:13.582+03:00 DEBUG 15475 --- [           main] o.s.c.a.ClassPathBeanDefinitionScanner   : Identified candidate component class: URL [jar:file:/Users/nastya/IdeaProjects/project-final-version2/target/jira-1.0.jar!/BOOT-INF/classes!/com/javarush/jira/bugtracking/attachment/AttachmentController.class]
2025-08-16T20:36:13.583+03:00 DEBUG 15475 --- [           main] o.s.c.a.ClassPathBeanDefinitionScanner   : Identified candidate component class: URL [jar:file:/Users/nastya/IdeaProjects/project-final-version2/target/jira-1.0.jar!/BOOT-INF/classes!/com/javarush/jira/bugtracking/Handlers$TaskExtHandler.class]
2025-08-16T20:36:13.584+03:00 DEBUG 15475 --- [           main] o.s.c.a.ClassPathBeanDefinitionScanner   : Identified candidate component class: URL [jar:file:/Users/nastya/IdeaProjects/project-final-version2/target/jira-1.0.jar!/BOOT-INF/classes!/com/javarush/jira/bugtracking/project/ProjectUIController.class]
2025-08-16T20:36:13.584+03:00 DEBUG 15475 --- [           main] o.s.c.a.ClassPathBeanDefinitionScanner   : Identified candidate component class: URL [jar:file:/Users/nastya/IdeaProjects/project-final-version2/target/jira-1.0.jar!/BOOT-INF/classes!/com/javarush/jira/bugtracking/project/ProjectController.class]
2025-08-16T20:36:13.585+03:00 DEBUG 15475 --- [           main] o.s.c.a.ClassPathBeanDefinitionScanner   : Identified candidate component class: URL [jar:file:/Users/nastya/IdeaProjects/project-final-version2/target/jira-1.0.jar!/BOOT-INF/classes!/com/javarush/jira/bugtracking/project/ProjectMapperFullImpl.class]
2025-08-16T20:36:13.586+03:00 DEBUG 15475 --- [           main] o.s.c.a.ClassPathBeanDefinitionScanner   : Identified candidate component class: URL [jar:file:/Users/nastya/IdeaProjects/project-final-version2/target/jira-1.0.jar!/BOOT-INF/classes!/com/javarush/jira/bugtracking/project/ProjectMapperImpl.class]
2025-08-16T20:36:13.587+03:00 DEBUG 15475 --- [           main] o.s.c.a.ClassPathBeanDefinitionScanner   : Identified candidate component class: URL [jar:file:/Users/nastya/IdeaProjects/project-final-version2/target/jira-1.0.jar!/BOOT-INF/classes!/com/javarush/jira/bugtracking/dashboard/DashboardUIController.class]
2025-08-16T20:36:13.587+03:00 DEBUG 15475 --- [           main] o.s.c.a.ClassPathBeanDefinitionScanner   : Identified candidate component class: URL [jar:file:/Users/nastya/IdeaProjects/project-final-version2/target/jira-1.0.jar!/BOOT-INF/classes!/com/javarush/jira/bugtracking/Handlers$SprintHandler.class]
2025-08-16T20:36:13.589+03:00 DEBUG 15475 --- [           main] o.s.c.a.ClassPathBeanDefinitionScanner   : Identified candidate component class: URL [jar:file:/Users/nastya/IdeaProjects/project-final-version2/target/jira-1.0.jar!/BOOT-INF/classes!/com/javarush/jira/bugtracking/task/TaskUIController.class]
2025-08-16T20:36:13.590+03:00 DEBUG 15475 --- [           main] o.s.c.a.ClassPathBeanDefinitionScanner   : Identified candidate component class: URL [jar:file:/Users/nastya/IdeaProjects/project-final-version2/target/jira-1.0.jar!/BOOT-INF/classes!/com/javarush/jira/bugtracking/task/ActivityService.class]
2025-08-16T20:36:13.591+03:00 DEBUG 15475 --- [           main] o.s.c.a.ClassPathBeanDefinitionScanner   : Identified candidate component class: URL [jar:file:/Users/nastya/IdeaProjects/project-final-version2/target/jira-1.0.jar!/BOOT-INF/classes!/com/javarush/jira/bugtracking/task/mapper/TaskFullMapperImpl.class]
2025-08-16T20:36:13.592+03:00 DEBUG 15475 --- [           main] o.s.c.a.ClassPathBeanDefinitionScanner   : Identified candidate component class: URL [jar:file:/Users/nastya/IdeaProjects/project-final-version2/target/jira-1.0.jar!/BOOT-INF/classes!/com/javarush/jira/bugtracking/task/mapper/TaskMapperImpl.class]
2025-08-16T20:36:13.593+03:00 DEBUG 15475 --- [           main] o.s.c.a.ClassPathBeanDefinitionScanner   : Identified candidate component class: URL [jar:file:/Users/nastya/IdeaProjects/project-final-version2/target/jira-1.0.jar!/BOOT-INF/classes!/com/javarush/jira/bugtracking/task/mapper/ActivityMapperImpl.class]
2025-08-16T20:36:13.593+03:00 DEBUG 15475 --- [           main] o.s.c.a.ClassPathBeanDefinitionScanner   : Identified candidate component class: URL [jar:file:/Users/nastya/IdeaProjects/project-final-version2/target/jira-1.0.jar!/BOOT-INF/classes!/com/javarush/jira/bugtracking/task/mapper/TaskExtMapperImpl.class]
2025-08-16T20:36:13.595+03:00 DEBUG 15475 --- [           main] o.s.c.a.ClassPathBeanDefinitionScanner   : Identified candidate component class: URL [jar:file:/Users/nastya/IdeaProjects/project-final-version2/target/jira-1.0.jar!/BOOT-INF/classes!/com/javarush/jira/bugtracking/task/TaskService.class]
2025-08-16T20:36:13.599+03:00 DEBUG 15475 --- [           main] o.s.c.a.ClassPathBeanDefinitionScanner   : Identified candidate component class: URL [jar:file:/Users/nastya/IdeaProjects/project-final-version2/target/jira-1.0.jar!/BOOT-INF/classes!/com/javarush/jira/bugtracking/task/TaskController.class]
2025-08-16T20:36:13.601+03:00 DEBUG 15475 --- [           main] o.s.c.a.ClassPathBeanDefinitionScanner   : Identified candidate component class: URL [jar:file:/Users/nastya/IdeaProjects/project-final-version2/target/jira-1.0.jar!/BOOT-INF/classes!/com/javarush/jira/bugtracking/report/ReportUIController.class]
2025-08-16T20:36:13.602+03:00 DEBUG 15475 --- [           main] o.s.c.a.ClassPathBeanDefinitionScanner   : Identified candidate component class: URL [jar:file:/Users/nastya/IdeaProjects/project-final-version2/target/jira-1.0.jar!/BOOT-INF/classes!/com/javarush/jira/bugtracking/report/ReportRestController.class]
2025-08-16T20:36:13.603+03:00 DEBUG 15475 --- [           main] o.s.c.a.ClassPathBeanDefinitionScanner   : Identified candidate component class: URL [jar:file:/Users/nastya/IdeaProjects/project-final-version2/target/jira-1.0.jar!/BOOT-INF/classes!/com/javarush/jira/bugtracking/Handlers$ProjectHandler.class]
2025-08-16T20:36:13.603+03:00 DEBUG 15475 --- [           main] o.s.c.a.ClassPathBeanDefinitionScanner   : Identified candidate component class: URL [jar:file:/Users/nastya/IdeaProjects/project-final-version2/target/jira-1.0.jar!/BOOT-INF/classes!/com/javarush/jira/bugtracking/Handlers$TaskHandler.class]
2025-08-16T20:36:13.604+03:00 DEBUG 15475 --- [           main] o.s.c.a.ClassPathBeanDefinitionScanner   : Identified candidate component class: URL [jar:file:/Users/nastya/IdeaProjects/project-final-version2/target/jira-1.0.jar!/BOOT-INF/classes!/com/javarush/jira/bugtracking/sprint/SprintController.class]
2025-08-16T20:36:13.605+03:00 DEBUG 15475 --- [           main] o.s.c.a.ClassPathBeanDefinitionScanner   : Identified candidate component class: URL [jar:file:/Users/nastya/IdeaProjects/project-final-version2/target/jira-1.0.jar!/BOOT-INF/classes!/com/javarush/jira/bugtracking/sprint/SprintMapperFullImpl.class]
2025-08-16T20:36:13.605+03:00 DEBUG 15475 --- [           main] o.s.c.a.ClassPathBeanDefinitionScanner   : Identified candidate component class: URL [jar:file:/Users/nastya/IdeaProjects/project-final-version2/target/jira-1.0.jar!/BOOT-INF/classes!/com/javarush/jira/bugtracking/sprint/SprintMapperImpl.class]
2025-08-16T20:36:13.607+03:00 DEBUG 15475 --- [           main] o.s.c.a.ClassPathBeanDefinitionScanner   : Identified candidate component class: URL [jar:file:/Users/nastya/IdeaProjects/project-final-version2/target/jira-1.0.jar!/BOOT-INF/classes!/com/javarush/jira/bugtracking/sprint/SprintUIController.class]
2025-08-16T20:36:13.623+03:00 DEBUG 15475 --- [           main] o.s.c.a.ClassPathBeanDefinitionScanner   : Identified candidate component class: URL [jar:file:/Users/nastya/IdeaProjects/project-final-version2/target/jira-1.0.jar!/BOOT-INF/classes!/com/javarush/jira/common/internal/config/ThymeleafConfig.class]
2025-08-16T20:36:13.624+03:00 DEBUG 15475 --- [           main] o.s.c.a.ClassPathBeanDefinitionScanner   : Identified candidate component class: URL [jar:file:/Users/nastya/IdeaProjects/project-final-version2/target/jira-1.0.jar!/BOOT-INF/classes!/com/javarush/jira/common/internal/config/MvcConfig.class]
2025-08-16T20:36:13.624+03:00 DEBUG 15475 --- [           main] o.s.c.a.ClassPathBeanDefinitionScanner   : Identified candidate component class: URL [jar:file:/Users/nastya/IdeaProjects/project-final-version2/target/jira-1.0.jar!/BOOT-INF/classes!/com/javarush/jira/common/internal/config/RestAuthenticationEntryPoint.class]
2025-08-16T20:36:13.635+03:00 DEBUG 15475 --- [           main] o.s.c.a.ClassPathBeanDefinitionScanner   : Identified candidate component class: URL [jar:file:/Users/nastya/IdeaProjects/project-final-version2/target/jira-1.0.jar!/BOOT-INF/classes!/com/javarush/jira/common/internal/config/SecurityConfig.class]
2025-08-16T20:36:13.650+03:00 DEBUG 15475 --- [           main] o.s.c.a.ClassPathBeanDefinitionScanner   : Identified candidate component class: URL [jar:file:/Users/nastya/IdeaProjects/project-final-version2/target/jira-1.0.jar!/BOOT-INF/classes!/com/javarush/jira/common/internal/config/OpenApiConfig.class]
2025-08-16T20:36:13.652+03:00 DEBUG 15475 --- [           main] o.s.c.a.ClassPathBeanDefinitionScanner   : Identified candidate component class: URL [jar:file:/Users/nastya/IdeaProjects/project-final-version2/target/jira-1.0.jar!/BOOT-INF/classes!/com/javarush/jira/common/internal/config/AppConfig.class]
2025-08-16T20:36:13.656+03:00 DEBUG 15475 --- [           main] o.s.c.a.ClassPathBeanDefinitionScanner   : Identified candidate component class: URL [jar:file:/Users/nastya/IdeaProjects/project-final-version2/target/jira-1.0.jar!/BOOT-INF/classes!/com/javarush/jira/common/internal/web/RestExceptionHandler.class]
2025-08-16T20:36:13.656+03:00 DEBUG 15475 --- [           main] o.s.c.a.ClassPathBeanDefinitionScanner   : Identified candidate component class: URL [jar:file:/Users/nastya/IdeaProjects/project-final-version2/target/jira-1.0.jar!/BOOT-INF/classes!/com/javarush/jira/common/internal/web/UIExceptionHandler.class]
2025-08-16T20:36:13.657+03:00 DEBUG 15475 --- [           main] o.s.c.a.ClassPathBeanDefinitionScanner   : Identified candidate component class: URL [jar:file:/Users/nastya/IdeaProjects/project-final-version2/target/jira-1.0.jar!/BOOT-INF/classes!/com/javarush/jira/common/internal/web/ErrorController.class]
2025-08-16T20:36:13.661+03:00 DEBUG 15475 --- [           main] o.s.c.a.ClassPathBeanDefinitionScanner   : Identified candidate component class: URL [jar:file:/Users/nastya/IdeaProjects/project-final-version2/target/jira-1.0.jar!/BOOT-INF/classes!/com/javarush/jira/common/error/ErrorMessageHandler.class]
2025-08-16T20:36:13.664+03:00 DEBUG 15475 --- [           main] o.s.c.a.ClassPathBeanDefinitionScanner   : Identified candidate component class: URL [jar:file:/Users/nastya/IdeaProjects/project-final-version2/target/jira-1.0.jar!/BOOT-INF/classes!/com/javarush/jira/profile/internal/web/ProfileRestController.class]
2025-08-16T20:36:13.664+03:00 DEBUG 15475 --- [           main] o.s.c.a.ClassPathBeanDefinitionScanner   : Identified candidate component class: URL [jar:file:/Users/nastya/IdeaProjects/project-final-version2/target/jira-1.0.jar!/BOOT-INF/classes!/com/javarush/jira/profile/internal/web/ProfileUIController.class]
2025-08-16T20:36:13.664+03:00 DEBUG 15475 --- [           main] o.s.c.a.ClassPathBeanDefinitionScanner   : Identified candidate component class: URL [jar:file:/Users/nastya/IdeaProjects/project-final-version2/target/jira-1.0.jar!/BOOT-INF/classes!/com/javarush/jira/profile/internal/ProfileMapperImpl.class]
2025-08-16T20:36:13.669+03:00 DEBUG 15475 --- [           main] o.s.c.a.ClassPathBeanDefinitionScanner   : Identified candidate component class: URL [jar:file:/Users/nastya/IdeaProjects/project-final-version2/target/jira-1.0.jar!/BOOT-INF/classes!/com/javarush/jira/login/internal/web/UniqueMailValidator.class]
2025-08-16T20:36:13.670+03:00 DEBUG 15475 --- [           main] o.s.c.a.ClassPathBeanDefinitionScanner   : Identified candidate component class: URL [jar:file:/Users/nastya/IdeaProjects/project-final-version2/target/jira-1.0.jar!/BOOT-INF/classes!/com/javarush/jira/login/internal/web/RegisterController.class]
2025-08-16T20:36:13.672+03:00 DEBUG 15475 --- [           main] o.s.c.a.ClassPathBeanDefinitionScanner   : Identified candidate component class: URL [jar:file:/Users/nastya/IdeaProjects/project-final-version2/target/jira-1.0.jar!/BOOT-INF/classes!/com/javarush/jira/login/internal/web/AdminUserController.class]
2025-08-16T20:36:13.673+03:00 DEBUG 15475 --- [           main] o.s.c.a.ClassPathBeanDefinitionScanner   : Identified candidate component class: URL [jar:file:/Users/nastya/IdeaProjects/project-final-version2/target/jira-1.0.jar!/BOOT-INF/classes!/com/javarush/jira/login/internal/web/PasswordController.class]
2025-08-16T20:36:13.673+03:00 DEBUG 15475 --- [           main] o.s.c.a.ClassPathBeanDefinitionScanner   : Identified candidate component class: URL [jar:file:/Users/nastya/IdeaProjects/project-final-version2/target/jira-1.0.jar!/BOOT-INF/classes!/com/javarush/jira/login/internal/web/UserUIController.class]
2025-08-16T20:36:13.674+03:00 DEBUG 15475 --- [           main] o.s.c.a.ClassPathBeanDefinitionScanner   : Identified candidate component class: URL [jar:file:/Users/nastya/IdeaProjects/project-final-version2/target/jira-1.0.jar!/BOOT-INF/classes!/com/javarush/jira/login/internal/web/UserController.class]
2025-08-16T20:36:13.675+03:00 DEBUG 15475 --- [           main] o.s.c.a.ClassPathBeanDefinitionScanner   : Identified candidate component class: URL [jar:file:/Users/nastya/IdeaProjects/project-final-version2/target/jira-1.0.jar!/BOOT-INF/classes!/com/javarush/jira/login/internal/UserMapperImpl.class]
2025-08-16T20:36:13.675+03:00 DEBUG 15475 --- [           main] o.s.c.a.ClassPathBeanDefinitionScanner   : Identified candidate component class: URL [jar:file:/Users/nastya/IdeaProjects/project-final-version2/target/jira-1.0.jar!/BOOT-INF/classes!/com/javarush/jira/login/internal/sociallogin/handler/GitHubOAuth2UserDataHandler.class]
2025-08-16T20:36:13.676+03:00 DEBUG 15475 --- [           main] o.s.c.a.ClassPathBeanDefinitionScanner   : Identified candidate component class: URL [jar:file:/Users/nastya/IdeaProjects/project-final-version2/target/jira-1.0.jar!/BOOT-INF/classes!/com/javarush/jira/login/internal/sociallogin/handler/GitLabOAuth2UserDataHandler.class]
2025-08-16T20:36:13.676+03:00 DEBUG 15475 --- [           main] o.s.c.a.ClassPathBeanDefinitionScanner   : Identified candidate component class: URL [jar:file:/Users/nastya/IdeaProjects/project-final-version2/target/jira-1.0.jar!/BOOT-INF/classes!/com/javarush/jira/login/internal/sociallogin/handler/GoogleOAuth2UserDataHandler.class]
2025-08-16T20:36:13.677+03:00 DEBUG 15475 --- [           main] o.s.c.a.ClassPathBeanDefinitionScanner   : Identified candidate component class: URL [jar:file:/Users/nastya/IdeaProjects/project-final-version2/target/jira-1.0.jar!/BOOT-INF/classes!/com/javarush/jira/login/internal/sociallogin/handler/VkOAuth2UserDataHandler.class]
2025-08-16T20:36:13.678+03:00 DEBUG 15475 --- [           main] o.s.c.a.ClassPathBeanDefinitionScanner   : Identified candidate component class: URL [jar:file:/Users/nastya/IdeaProjects/project-final-version2/target/jira-1.0.jar!/BOOT-INF/classes!/com/javarush/jira/login/internal/sociallogin/handler/YandexOAuth2UserDataHandler.class]
2025-08-16T20:36:13.679+03:00 DEBUG 15475 --- [           main] o.s.c.a.ClassPathBeanDefinitionScanner   : Identified candidate component class: URL [jar:file:/Users/nastya/IdeaProjects/project-final-version2/target/jira-1.0.jar!/BOOT-INF/classes!/com/javarush/jira/login/internal/sociallogin/CustomOAuth2UserService.class]
2025-08-16T20:36:13.680+03:00 DEBUG 15475 --- [           main] o.s.c.a.ClassPathBeanDefinitionScanner   : Identified candidate component class: URL [jar:file:/Users/nastya/IdeaProjects/project-final-version2/target/jira-1.0.jar!/BOOT-INF/classes!/com/javarush/jira/login/internal/UserHandler.class]
2025-08-16T20:36:14.211+03:00 DEBUG 15475 --- [           main] ySourcesPropertyResolver$DefaultResolver : Found key 'DB_URL' in PropertySource 'systemEnvironment' with value of type String
2025-08-16T20:36:14.556+03:00  INFO 15475 --- [           main] .s.d.r.c.RepositoryConfigurationDelegate : Bootstrapping Spring Data JPA repositories in DEFAULT mode.
2025-08-16T20:36:14.563+03:00 DEBUG 15475 --- [           main] o.s.b.f.s.DefaultListableBeanFactory     : Creating shared instance of singleton bean 'org.springframework.boot.autoconfigure.AutoConfigurationPackages'
2025-08-16T20:36:14.569+03:00 DEBUG 15475 --- [           main] o.s.b.a.AutoConfigurationPackages        : @EnableAutoConfiguration was declared on a class in the package 'com.javarush.jira.common.internal.config,com.javarush.jira'. Automatic @Repository and @Entity scanning is enabled.
2025-08-16T20:36:14.570+03:00 DEBUG 15475 --- [           main] .s.d.r.c.RepositoryConfigurationDelegate : Scanning for JPA repositories in packages com.javarush.jira.common.internal.config, com.javarush.jira.
2025-08-16T20:36:14.589+03:00 DEBUG 15475 --- [           main] o.s.d.r.c.RepositoryComponentProvider    : Identified candidate component class: URL [jar:file:/Users/nastya/IdeaProjects/project-final-version2/target/jira-1.0.jar!/BOOT-INF/classes!/com/javarush/jira/ref/internal/ReferenceRepository.class]
2025-08-16T20:36:14.590+03:00 DEBUG 15475 --- [           main] o.s.d.r.c.RepositoryComponentProvider    : Identified candidate component class: URL [jar:file:/Users/nastya/IdeaProjects/project-final-version2/target/jira-1.0.jar!/BOOT-INF/classes!/com/javarush/jira/mail/internal/MailCaseRepository.class]
2025-08-16T20:36:14.591+03:00 DEBUG 15475 --- [           main] o.s.d.r.c.RepositoryComponentProvider    : Identified candidate component class: URL [jar:file:/Users/nastya/IdeaProjects/project-final-version2/target/jira-1.0.jar!/BOOT-INF/classes!/com/javarush/jira/bugtracking/attachment/AttachmentRepository.class]
2025-08-16T20:36:14.591+03:00 DEBUG 15475 --- [           main] o.s.d.r.c.RepositoryComponentProvider    : Identified candidate component class: URL [jar:file:/Users/nastya/IdeaProjects/project-final-version2/target/jira-1.0.jar!/BOOT-INF/classes!/com/javarush/jira/bugtracking/project/ProjectRepository.class]
2025-08-16T20:36:14.592+03:00 DEBUG 15475 --- [           main] o.s.d.r.c.RepositoryComponentProvider    : Identified candidate component class: URL [jar:file:/Users/nastya/IdeaProjects/project-final-version2/target/jira-1.0.jar!/BOOT-INF/classes!/com/javarush/jira/bugtracking/task/ActivityRepository.class]
2025-08-16T20:36:14.592+03:00 DEBUG 15475 --- [           main] o.s.d.r.c.RepositoryComponentProvider    : Identified candidate component class: URL [jar:file:/Users/nastya/IdeaProjects/project-final-version2/target/jira-1.0.jar!/BOOT-INF/classes!/com/javarush/jira/bugtracking/task/TaskRepository.class]
2025-08-16T20:36:14.593+03:00 DEBUG 15475 --- [           main] o.s.d.r.c.RepositoryComponentProvider    : Identified candidate component class: URL [jar:file:/Users/nastya/IdeaProjects/project-final-version2/target/jira-1.0.jar!/BOOT-INF/classes!/com/javarush/jira/bugtracking/report/ReportRepository.class]
2025-08-16T20:36:14.594+03:00 DEBUG 15475 --- [           main] o.s.d.r.c.RepositoryComponentProvider    : Identified candidate component class: URL [jar:file:/Users/nastya/IdeaProjects/project-final-version2/target/jira-1.0.jar!/BOOT-INF/classes!/com/javarush/jira/bugtracking/sprint/SprintRepository.class]
2025-08-16T20:36:14.594+03:00 DEBUG 15475 --- [           main] o.s.d.r.c.RepositoryComponentProvider    : Identified candidate component class: URL [jar:file:/Users/nastya/IdeaProjects/project-final-version2/target/jira-1.0.jar!/BOOT-INF/classes!/com/javarush/jira/bugtracking/UserBelongRepository.class]
2025-08-16T20:36:14.595+03:00 DEBUG 15475 --- [           main] o.s.d.r.c.RepositoryComponentProvider    : Identified candidate component class: URL [jar:file:/Users/nastya/IdeaProjects/project-final-version2/target/jira-1.0.jar!/BOOT-INF/classes!/com/javarush/jira/profile/internal/ProfileRepository.class]
2025-08-16T20:36:14.596+03:00 DEBUG 15475 --- [           main] o.s.d.r.c.RepositoryComponentProvider    : Identified candidate component class: URL [jar:file:/Users/nastya/IdeaProjects/project-final-version2/target/jira-1.0.jar!/BOOT-INF/classes!/com/javarush/jira/login/internal/UserRepository.class]
2025-08-16T20:36:14.649+03:00 DEBUG 15475 --- [           main] ssPathScanningCandidateComponentProvider : Identified candidate component class: URL [jar:file:/Users/nastya/IdeaProjects/project-final-version2/target/jira-1.0.jar!/BOOT-INF/classes!/com/javarush/jira/ref/internal/ReferenceMapperImpl.class]
2025-08-16T20:36:14.650+03:00 DEBUG 15475 --- [           main] ssPathScanningCandidateComponentProvider : Identified candidate component class: URL [jar:file:/Users/nastya/IdeaProjects/project-final-version2/target/jira-1.0.jar!/BOOT-INF/classes!/com/javarush/jira/bugtracking/tree/NodeMapperImpl.class]
2025-08-16T20:36:14.650+03:00 DEBUG 15475 --- [           main] ssPathScanningCandidateComponentProvider : Identified candidate component class: URL [jar:file:/Users/nastya/IdeaProjects/project-final-version2/target/jira-1.0.jar!/BOOT-INF/classes!/com/javarush/jira/bugtracking/attachment/AttachmentMapperImpl.class]
2025-08-16T20:36:14.650+03:00 DEBUG 15475 --- [           main] ssPathScanningCandidateComponentProvider : Identified candidate component class: URL [jar:file:/Users/nastya/IdeaProjects/project-final-version2/target/jira-1.0.jar!/BOOT-INF/classes!/com/javarush/jira/bugtracking/project/ProjectMapperFullImpl.class]
2025-08-16T20:36:14.650+03:00 DEBUG 15475 --- [           main] ssPathScanningCandidateComponentProvider : Identified candidate component class: URL [jar:file:/Users/nastya/IdeaProjects/project-final-version2/target/jira-1.0.jar!/BOOT-INF/classes!/com/javarush/jira/bugtracking/project/ProjectMapperImpl.class]
2025-08-16T20:36:14.650+03:00 DEBUG 15475 --- [           main] ssPathScanningCandidateComponentProvider : Identified candidate component class: URL [jar:file:/Users/nastya/IdeaProjects/project-final-version2/target/jira-1.0.jar!/BOOT-INF/classes!/com/javarush/jira/bugtracking/task/mapper/TaskFullMapperImpl.class]
2025-08-16T20:36:14.650+03:00 DEBUG 15475 --- [           main] ssPathScanningCandidateComponentProvider : Identified candidate component class: URL [jar:file:/Users/nastya/IdeaProjects/project-final-version2/target/jira-1.0.jar!/BOOT-INF/classes!/com/javarush/jira/bugtracking/task/mapper/TaskMapperImpl.class]
2025-08-16T20:36:14.650+03:00 DEBUG 15475 --- [           main] ssPathScanningCandidateComponentProvider : Identified candidate component class: URL [jar:file:/Users/nastya/IdeaProjects/project-final-version2/target/jira-1.0.jar!/BOOT-INF/classes!/com/javarush/jira/bugtracking/task/mapper/ActivityMapperImpl.class]
2025-08-16T20:36:14.650+03:00 DEBUG 15475 --- [           main] ssPathScanningCandidateComponentProvider : Identified candidate component class: URL [jar:file:/Users/nastya/IdeaProjects/project-final-version2/target/jira-1.0.jar!/BOOT-INF/classes!/com/javarush/jira/bugtracking/task/mapper/TaskExtMapperImpl.class]
2025-08-16T20:36:14.650+03:00 DEBUG 15475 --- [           main] ssPathScanningCandidateComponentProvider : Identified candidate component class: URL [jar:file:/Users/nastya/IdeaProjects/project-final-version2/target/jira-1.0.jar!/BOOT-INF/classes!/com/javarush/jira/bugtracking/sprint/SprintMapperFullImpl.class]
2025-08-16T20:36:14.650+03:00 DEBUG 15475 --- [           main] ssPathScanningCandidateComponentProvider : Identified candidate component class: URL [jar:file:/Users/nastya/IdeaProjects/project-final-version2/target/jira-1.0.jar!/BOOT-INF/classes!/com/javarush/jira/bugtracking/sprint/SprintMapperImpl.class]
2025-08-16T20:36:14.650+03:00 DEBUG 15475 --- [           main] ssPathScanningCandidateComponentProvider : Identified candidate component class: URL [jar:file:/Users/nastya/IdeaProjects/project-final-version2/target/jira-1.0.jar!/BOOT-INF/classes!/com/javarush/jira/profile/internal/ProfileMapperImpl.class]
2025-08-16T20:36:14.650+03:00 DEBUG 15475 --- [           main] ssPathScanningCandidateComponentProvider : Identified candidate component class: URL [jar:file:/Users/nastya/IdeaProjects/project-final-version2/target/jira-1.0.jar!/BOOT-INF/classes!/com/javarush/jira/login/internal/UserMapperImpl.class]
2025-08-16T20:36:14.680+03:00  INFO 15475 --- [           main] .s.d.r.c.RepositoryConfigurationDelegate : Finished Spring Data repository scanning in 109 ms. Found 11 JPA repository interfaces.
2025-08-16T20:36:14.981+03:00 DEBUG 15475 --- [           main] o.s.b.f.s.DefaultListableBeanFactory     : Creating shared instance of singleton bean 'propertySourcesPlaceholderConfigurer'
2025-08-16T20:36:14.986+03:00 DEBUG 15475 --- [           main] o.s.b.f.s.DefaultListableBeanFactory     : Creating shared instance of singleton bean 'org.springframework.boot.autoconfigure.cache.CacheAutoConfiguration$CacheManagerEntityManagerFactoryDependsOnPostProcessor'
2025-08-16T20:36:14.986+03:00 DEBUG 15475 --- [           main] o.s.b.f.s.DefaultListableBeanFactory     : Creating shared instance of singleton bean 'emBeanDefinitionRegistrarPostProcessor'
2025-08-16T20:36:14.987+03:00 DEBUG 15475 --- [           main] o.s.b.f.s.DefaultListableBeanFactory     : Creating shared instance of singleton bean 'org.springframework.boot.sql.init.dependency.DatabaseInitializationDependencyConfigurer$DependsOnDatabaseInitializationPostProcessor'
2025-08-16T20:36:15.035+03:00 DEBUG 15475 --- [           main] o.s.b.f.s.DefaultListableBeanFactory     : Creating shared instance of singleton bean 'org.springframework.context.event.internalEventListenerProcessor'
2025-08-16T20:36:15.037+03:00 DEBUG 15475 --- [           main] o.s.b.f.s.DefaultListableBeanFactory     : Creating shared instance of singleton bean 'conversionServicePostProcessor'
2025-08-16T20:36:15.051+03:00 DEBUG 15475 --- [           main] o.s.b.f.s.DefaultListableBeanFactory     : Creating shared instance of singleton bean 'preserveErrorControllerTargetClassPostProcessor'
2025-08-16T20:36:15.051+03:00 DEBUG 15475 --- [           main] o.s.b.f.s.DefaultListableBeanFactory     : Creating shared instance of singleton bean 'springdocBeanFactoryPostProcessor'
2025-08-16T20:36:15.056+03:00 DEBUG 15475 --- [           main] o.s.b.f.s.DefaultListableBeanFactory     : Creating shared instance of singleton bean 'org.springframework.context.event.internalEventListenerFactory'
2025-08-16T20:36:15.056+03:00 DEBUG 15475 --- [           main] o.s.b.f.s.DefaultListableBeanFactory     : Creating shared instance of singleton bean 'org.springframework.transaction.config.internalTransactionalEventListenerFactory'
2025-08-16T20:36:15.070+03:00 DEBUG 15475 --- [           main] o.s.b.f.s.DefaultListableBeanFactory     : Creating shared instance of singleton bean 'org.springframework.context.annotation.internalAutowiredAnnotationProcessor'
2025-08-16T20:36:15.072+03:00 DEBUG 15475 --- [           main] o.s.b.f.s.DefaultListableBeanFactory     : Creating shared instance of singleton bean 'org.springframework.context.annotation.internalCommonAnnotationProcessor'
2025-08-16T20:36:15.075+03:00 DEBUG 15475 --- [           main] o.s.b.f.s.DefaultListableBeanFactory     : Creating shared instance of singleton bean 'org.springframework.context.annotation.internalPersistenceAnnotationProcessor'
2025-08-16T20:36:15.076+03:00 DEBUG 15475 --- [           main] o.s.b.f.s.DefaultListableBeanFactory     : Creating shared instance of singleton bean 'org.springframework.boot.context.properties.ConfigurationPropertiesBindingPostProcessor'
2025-08-16T20:36:15.076+03:00 DEBUG 15475 --- [           main] o.s.b.f.s.DefaultListableBeanFactory     : Creating shared instance of singleton bean 'org.springframework.boot.context.internalConfigurationPropertiesBinder'
2025-08-16T20:36:15.078+03:00 DEBUG 15475 --- [           main] o.s.b.f.s.DefaultListableBeanFactory     : Creating shared instance of singleton bean 'org.springframework.context.annotation.internalScheduledAnnotationProcessor'
2025-08-16T20:36:15.078+03:00 DEBUG 15475 --- [           main] o.s.b.f.s.DefaultListableBeanFactory     : Creating shared instance of singleton bean 'org.springframework.scheduling.annotation.SchedulingConfiguration'
2025-08-16T20:36:15.087+03:00 DEBUG 15475 --- [           main] o.s.b.f.s.DefaultListableBeanFactory     : Creating shared instance of singleton bean 'org.springframework.aop.config.internalAutoProxyCreator'
2025-08-16T20:36:15.104+03:00 DEBUG 15475 --- [           main] o.s.b.f.s.DefaultListableBeanFactory     : Creating shared instance of singleton bean 'methodValidationPostProcessor'
2025-08-16T20:36:15.118+03:00 DEBUG 15475 --- [           main] o.s.b.f.s.DefaultListableBeanFactory     : Autowiring by type from bean name 'methodValidationPostProcessor' via factory method to bean named 'environment'
2025-08-16T20:36:15.120+03:00 DEBUG 15475 --- [           main] o.s.b.f.s.DefaultListableBeanFactory     : Creating shared instance of singleton bean 'org.springframework.boot.context.properties.EnableConfigurationPropertiesRegistrar.methodValidationExcludeFilter'
2025-08-16T20:36:15.130+03:00 DEBUG 15475 --- [           main] o.s.b.f.s.DefaultListableBeanFactory     : Creating shared instance of singleton bean 'persistenceExceptionTranslationPostProcessor'
2025-08-16T20:36:15.131+03:00 DEBUG 15475 --- [           main] o.s.b.f.s.DefaultListableBeanFactory     : Autowiring by type from bean name 'persistenceExceptionTranslationPostProcessor' via factory method to bean named 'environment'
2025-08-16T20:36:15.133+03:00 DEBUG 15475 --- [           main] o.s.b.f.s.DefaultListableBeanFactory     : Creating shared instance of singleton bean 'webServerFactoryCustomizerBeanPostProcessor'
2025-08-16T20:36:15.133+03:00 DEBUG 15475 --- [           main] o.s.b.f.s.DefaultListableBeanFactory     : Creating shared instance of singleton bean 'errorPageRegistrarBeanPostProcessor'
2025-08-16T20:36:15.134+03:00 DEBUG 15475 --- [           main] o.s.b.f.s.DefaultListableBeanFactory     : Creating shared instance of singleton bean 'projectingArgumentResolverBeanPostProcessor'
2025-08-16T20:36:15.135+03:00 DEBUG 15475 --- [           main] o.s.b.f.s.DefaultListableBeanFactory     : Creating shared instance of singleton bean 'org.springframework.cache.config.internalCacheAdvisor'
2025-08-16T20:36:15.135+03:00 DEBUG 15475 --- [           main] o.s.b.f.s.DefaultListableBeanFactory     : Creating shared instance of singleton bean 'org.springframework.cache.annotation.ProxyCachingConfiguration'
2025-08-16T20:36:15.135+03:00 DEBUG 15475 --- [           main] o.s.b.f.s.DefaultListableBeanFactory     : Creating shared instance of singleton bean 'org.springframework.transaction.config.internalTransactionAdvisor'
2025-08-16T20:36:15.135+03:00 DEBUG 15475 --- [           main] o.s.b.f.s.DefaultListableBeanFactory     : Creating shared instance of singleton bean 'org.springframework.transaction.annotation.ProxyTransactionManagementConfiguration'
2025-08-16T20:36:15.149+03:00 DEBUG 15475 --- [           main] o.s.b.f.s.DefaultListableBeanFactory     : Creating shared instance of singleton bean 'transactionAttributeSource'
2025-08-16T20:36:15.156+03:00 DEBUG 15475 --- [           main] o.s.b.f.s.DefaultListableBeanFactory     : Creating shared instance of singleton bean 'transactionInterceptor'
2025-08-16T20:36:15.156+03:00 DEBUG 15475 --- [           main] o.s.b.f.s.DefaultListableBeanFactory     : Autowiring by type from bean name 'transactionInterceptor' via factory method to bean named 'transactionAttributeSource'
2025-08-16T20:36:15.165+03:00 DEBUG 15475 --- [           main] o.s.b.f.s.DefaultListableBeanFactory     : Autowiring by type from bean name 'org.springframework.transaction.config.internalTransactionAdvisor' via factory method to bean named 'transactionAttributeSource'
2025-08-16T20:36:15.165+03:00 DEBUG 15475 --- [           main] o.s.b.f.s.DefaultListableBeanFactory     : Autowiring by type from bean name 'org.springframework.transaction.config.internalTransactionAdvisor' via factory method to bean named 'transactionInterceptor'
2025-08-16T20:36:15.173+03:00 DEBUG 15475 --- [           main] o.s.b.f.s.DefaultListableBeanFactory     : Creating shared instance of singleton bean 'cacheOperationSource'
2025-08-16T20:36:15.178+03:00 DEBUG 15475 --- [           main] o.s.b.f.s.DefaultListableBeanFactory     : Creating shared instance of singleton bean 'cacheInterceptor'
2025-08-16T20:36:15.179+03:00 DEBUG 15475 --- [           main] o.s.b.f.s.DefaultListableBeanFactory     : Autowiring by type from bean name 'cacheInterceptor' via factory method to bean named 'cacheOperationSource'
2025-08-16T20:36:15.186+03:00 DEBUG 15475 --- [           main] o.s.b.f.s.DefaultListableBeanFactory     : Autowiring by type from bean name 'org.springframework.cache.config.internalCacheAdvisor' via factory method to bean named 'cacheOperationSource'
2025-08-16T20:36:15.186+03:00 DEBUG 15475 --- [           main] o.s.b.f.s.DefaultListableBeanFactory     : Autowiring by type from bean name 'org.springframework.cache.config.internalCacheAdvisor' via factory method to bean named 'cacheInterceptor'
2025-08-16T20:36:15.213+03:00 DEBUG 15475 --- [           main] o.s.u.c.s.UiApplicationContextUtils      : Unable to locate ThemeSource with name 'themeSource': using default [org.springframework.ui.context.support.ResourceBundleThemeSource@1e53135d]
2025-08-16T20:36:15.214+03:00 DEBUG 15475 --- [           main] o.s.b.f.s.DefaultListableBeanFactory     : Creating shared instance of singleton bean 'tomcatServletWebServerFactory'
2025-08-16T20:36:15.214+03:00 DEBUG 15475 --- [           main] o.s.b.f.s.DefaultListableBeanFactory     : Creating shared instance of singleton bean 'org.springframework.boot.autoconfigure.web.servlet.ServletWebServerFactoryConfiguration$EmbeddedTomcat'
2025-08-16T20:36:15.266+03:00 DEBUG 15475 --- [           main] o.a.catalina.core.AprLifecycleListener   : The Apache Tomcat Native library could not be found using names [tcnative-2, libtcnative-2, tcnative-1, libtcnative-1] on the java.library.path [/Users/nastya/Library/Java/Extensions:/Library/Java/Extensions:/Network/Library/Java/Extensions:/System/Library/Java/Extensions:/usr/lib/java:.]. The errors reported were [Can't load library: /Users/nastya/IdeaProjects/project-final-version2/bin/libtcnative-2.dylib, Can't load library: /Users/nastya/IdeaProjects/project-final-version2/bin/liblibtcnative-2.dylib, Can't load library: /Users/nastya/IdeaProjects/project-final-version2/bin/libtcnative-1.dylib, Can't load library: /Users/nastya/IdeaProjects/project-final-version2/bin/liblibtcnative-1.dylib, no tcnative-2 in java.library.path: /Users/nastya/Library/Java/Extensions:/Library/Java/Extensions:/Network/Library/Java/Extensions:/System/Library/Java/Extensions:/usr/lib/java:., no libtcnative-2 in java.library.path: /Users/nastya/Library/Java/Extensions:/Library/Java/Extensions:/Network/Library/Java/Extensions:/System/Library/Java/Extensions:/usr/lib/java:., no tcnative-1 in java.library.path: /Users/nastya/Library/Java/Extensions:/Library/Java/Extensions:/Network/Library/Java/Extensions:/System/Library/Java/Extensions:/usr/lib/java:., no libtcnative-1 in java.library.path: /Users/nastya/Library/Java/Extensions:/Library/Java/Extensions:/Network/Library/Java/Extensions:/System/Library/Java/Extensions:/usr/lib/java:.]

org.apache.tomcat.jni.LibraryNotFoundError: Can't load library: /Users/nastya/IdeaProjects/project-final-version2/bin/libtcnative-2.dylib, Can't load library: /Users/nastya/IdeaProjects/project-final-version2/bin/liblibtcnative-2.dylib, Can't load library: /Users/nastya/IdeaProjects/project-final-version2/bin/libtcnative-1.dylib, Can't load library: /Users/nastya/IdeaProjects/project-final-version2/bin/liblibtcnative-1.dylib, no tcnative-2 in java.library.path: /Users/nastya/Library/Java/Extensions:/Library/Java/Extensions:/Network/Library/Java/Extensions:/System/Library/Java/Extensions:/usr/lib/java:., no libtcnative-2 in java.library.path: /Users/nastya/Library/Java/Extensions:/Library/Java/Extensions:/Network/Library/Java/Extensions:/System/Library/Java/Extensions:/usr/lib/java:., no tcnative-1 in java.library.path: /Users/nastya/Library/Java/Extensions:/Library/Java/Extensions:/Network/Library/Java/Extensions:/System/Library/Java/Extensions:/usr/lib/java:., no libtcnative-1 in java.library.path: /Users/nastya/Library/Java/Extensions:/Library/Java/Extensions:/Network/Library/Java/Extensions:/System/Library/Java/Extensions:/usr/lib/java:.
	at org.apache.tomcat.jni.Library.<init>(Library.java:93) ~[tomcat-embed-core-10.1.5.jar!/:na]
	at org.apache.tomcat.jni.Library.initialize(Library.java:148) ~[tomcat-embed-core-10.1.5.jar!/:na]
	at org.apache.catalina.core.AprLifecycleListener.init(AprLifecycleListener.java:200) ~[tomcat-embed-core-10.1.5.jar!/:na]
	at org.apache.catalina.core.AprLifecycleListener.isAprAvailable(AprLifecycleListener.java:112) ~[tomcat-embed-core-10.1.5.jar!/:na]
	at org.springframework.boot.web.embedded.tomcat.TomcatServletWebServerFactory.getDefaultServerLifecycleListeners(TomcatServletWebServerFactory.java:181) ~[spring-boot-3.0.2.jar!/:3.0.2]
	at org.springframework.boot.web.embedded.tomcat.TomcatServletWebServerFactory.<init>(TomcatServletWebServerFactory.java:128) ~[spring-boot-3.0.2.jar!/:3.0.2]
	at org.springframework.boot.autoconfigure.web.servlet.ServletWebServerFactoryConfiguration$EmbeddedTomcat.tomcatServletWebServerFactory(ServletWebServerFactoryConfiguration.java:73) ~[spring-boot-autoconfigure-3.0.2.jar!/:3.0.2]
	at java.base/jdk.internal.reflect.NativeMethodAccessorImpl.invoke0(Native Method) ~[na:na]
	at java.base/jdk.internal.reflect.NativeMethodAccessorImpl.invoke(NativeMethodAccessorImpl.java:77) ~[na:na]
	at java.base/jdk.internal.reflect.DelegatingMethodAccessorImpl.invoke(DelegatingMethodAccessorImpl.java:43) ~[na:na]
	at java.base/java.lang.reflect.Method.invoke(Method.java:568) ~[na:na]
	at org.springframework.beans.factory.support.SimpleInstantiationStrategy.instantiate(SimpleInstantiationStrategy.java:139) ~[spring-beans-6.0.4.jar!/:6.0.4]
	at org.springframework.beans.factory.support.ConstructorResolver.instantiate(ConstructorResolver.java:653) ~[spring-beans-6.0.4.jar!/:6.0.4]
	at org.springframework.beans.factory.support.ConstructorResolver.instantiateUsingFactoryMethod(ConstructorResolver.java:645) ~[spring-beans-6.0.4.jar!/:6.0.4]
	at org.springframework.beans.factory.support.AbstractAutowireCapableBeanFactory.instantiateUsingFactoryMethod(AbstractAutowireCapableBeanFactory.java:1324) ~[spring-beans-6.0.4.jar!/:6.0.4]
	at org.springframework.beans.factory.support.AbstractAutowireCapableBeanFactory.createBeanInstance(AbstractAutowireCapableBeanFactory.java:1161) ~[spring-beans-6.0.4.jar!/:6.0.4]
	at org.springframework.beans.factory.support.AbstractAutowireCapableBeanFactory.doCreateBean(AbstractAutowireCapableBeanFactory.java:561) ~[spring-beans-6.0.4.jar!/:6.0.4]
	at org.springframework.beans.factory.support.AbstractAutowireCapableBeanFactory.createBean(AbstractAutowireCapableBeanFactory.java:521) ~[spring-beans-6.0.4.jar!/:6.0.4]
	at org.springframework.beans.factory.support.AbstractBeanFactory.lambda$doGetBean$0(AbstractBeanFactory.java:326) ~[spring-beans-6.0.4.jar!/:6.0.4]
	at org.springframework.beans.factory.support.DefaultSingletonBeanRegistry.getSingleton(DefaultSingletonBeanRegistry.java:234) ~[spring-beans-6.0.4.jar!/:6.0.4]
	at org.springframework.beans.factory.support.AbstractBeanFactory.doGetBean(AbstractBeanFactory.java:324) ~[spring-beans-6.0.4.jar!/:6.0.4]
	at org.springframework.beans.factory.support.AbstractBeanFactory.getBean(AbstractBeanFactory.java:205) ~[spring-beans-6.0.4.jar!/:6.0.4]
	at org.springframework.boot.web.servlet.context.ServletWebServerApplicationContext.getWebServerFactory(ServletWebServerApplicationContext.java:218) ~[spring-boot-3.0.2.jar!/:3.0.2]
	at org.springframework.boot.web.servlet.context.ServletWebServerApplicationContext.createWebServer(ServletWebServerApplicationContext.java:181) ~[spring-boot-3.0.2.jar!/:3.0.2]
	at org.springframework.boot.web.servlet.context.ServletWebServerApplicationContext.onRefresh(ServletWebServerApplicationContext.java:161) ~[spring-boot-3.0.2.jar!/:3.0.2]
	at org.springframework.context.support.AbstractApplicationContext.refresh(AbstractApplicationContext.java:578) ~[spring-context-6.0.4.jar!/:6.0.4]
	at org.springframework.boot.web.servlet.context.ServletWebServerApplicationContext.refresh(ServletWebServerApplicationContext.java:146) ~[spring-boot-3.0.2.jar!/:3.0.2]
	at org.springframework.boot.SpringApplication.refresh(SpringApplication.java:730) ~[spring-boot-3.0.2.jar!/:3.0.2]
	at org.springframework.boot.SpringApplication.refreshContext(SpringApplication.java:432) ~[spring-boot-3.0.2.jar!/:3.0.2]
	at org.springframework.boot.SpringApplication.run(SpringApplication.java:308) ~[spring-boot-3.0.2.jar!/:3.0.2]
	at org.springframework.boot.SpringApplication.run(SpringApplication.java:1302) ~[spring-boot-3.0.2.jar!/:3.0.2]
	at org.springframework.boot.SpringApplication.run(SpringApplication.java:1291) ~[spring-boot-3.0.2.jar!/:3.0.2]
	at com.javarush.jira.JiraRushApplication.main(JiraRushApplication.java:15) ~[classes!/:1.0]
	at java.base/jdk.internal.reflect.NativeMethodAccessorImpl.invoke0(Native Method) ~[na:na]
	at java.base/jdk.internal.reflect.NativeMethodAccessorImpl.invoke(NativeMethodAccessorImpl.java:77) ~[na:na]
	at java.base/jdk.internal.reflect.DelegatingMethodAccessorImpl.invoke(DelegatingMethodAccessorImpl.java:43) ~[na:na]
	at java.base/java.lang.reflect.Method.invoke(Method.java:568) ~[na:na]
	at org.springframework.boot.loader.MainMethodRunner.run(MainMethodRunner.java:49) ~[jira-1.0.jar:1.0]
	at org.springframework.boot.loader.Launcher.launch(Launcher.java:95) ~[jira-1.0.jar:1.0]
	at org.springframework.boot.loader.Launcher.launch(Launcher.java:58) ~[jira-1.0.jar:1.0]
	at org.springframework.boot.loader.JarLauncher.main(JarLauncher.java:65) ~[jira-1.0.jar:1.0]

2025-08-16T20:36:15.282+03:00 DEBUG 15475 --- [           main] o.s.b.f.s.DefaultListableBeanFactory     : Creating shared instance of singleton bean 'websocketServletWebServerCustomizer'
2025-08-16T20:36:15.283+03:00 DEBUG 15475 --- [           main] o.s.b.f.s.DefaultListableBeanFactory     : Creating shared instance of singleton bean 'org.springframework.boot.autoconfigure.websocket.servlet.WebSocketServletAutoConfiguration$TomcatWebSocketConfiguration'
2025-08-16T20:36:15.284+03:00 DEBUG 15475 --- [           main] o.s.b.f.s.DefaultListableBeanFactory     : Creating shared instance of singleton bean 'servletWebServerFactoryCustomizer'
2025-08-16T20:36:15.284+03:00 DEBUG 15475 --- [           main] o.s.b.f.s.DefaultListableBeanFactory     : Creating shared instance of singleton bean 'org.springframework.boot.autoconfigure.web.servlet.ServletWebServerFactoryAutoConfiguration'
2025-08-16T20:36:15.286+03:00 DEBUG 15475 --- [           main] o.s.b.f.s.DefaultListableBeanFactory     : Creating shared instance of singleton bean 'server-org.springframework.boot.autoconfigure.web.ServerProperties'
2025-08-16T20:36:15.293+03:00 DEBUG 15475 --- [           main] o.s.b.f.s.DefaultListableBeanFactory     : Creating shared instance of singleton bean 'org.springframework.boot.context.properties.BoundConfigurationProperties'
2025-08-16T20:36:15.315+03:00 DEBUG 15475 --- [           main] o.s.b.f.s.DefaultListableBeanFactory     : Autowiring by type from bean name 'servletWebServerFactoryCustomizer' via factory method to bean named 'server-org.springframework.boot.autoconfigure.web.ServerProperties'
2025-08-16T20:36:15.318+03:00 DEBUG 15475 --- [           main] o.s.b.f.s.DefaultListableBeanFactory     : Creating shared instance of singleton bean 'tomcatServletWebServerFactoryCustomizer'
2025-08-16T20:36:15.319+03:00 DEBUG 15475 --- [           main] o.s.b.f.s.DefaultListableBeanFactory     : Autowiring by type from bean name 'tomcatServletWebServerFactoryCustomizer' via factory method to bean named 'server-org.springframework.boot.autoconfigure.web.ServerProperties'
2025-08-16T20:36:15.320+03:00 DEBUG 15475 --- [           main] o.s.b.f.s.DefaultListableBeanFactory     : Creating shared instance of singleton bean 'tomcatWebServerFactoryCustomizer'
2025-08-16T20:36:15.320+03:00 DEBUG 15475 --- [           main] o.s.b.f.s.DefaultListableBeanFactory     : Creating shared instance of singleton bean 'org.springframework.boot.autoconfigure.web.embedded.EmbeddedWebServerFactoryCustomizerAutoConfiguration$TomcatWebServerFactoryCustomizerConfiguration'
2025-08-16T20:36:15.322+03:00 DEBUG 15475 --- [           main] o.s.b.f.s.DefaultListableBeanFactory     : Autowiring by type from bean name 'tomcatWebServerFactoryCustomizer' via factory method to bean named 'environment'
2025-08-16T20:36:15.322+03:00 DEBUG 15475 --- [           main] o.s.b.f.s.DefaultListableBeanFactory     : Autowiring by type from bean name 'tomcatWebServerFactoryCustomizer' via factory method to bean named 'server-org.springframework.boot.autoconfigure.web.ServerProperties'
2025-08-16T20:36:15.325+03:00 DEBUG 15475 --- [           main] o.s.b.f.s.DefaultListableBeanFactory     : Creating shared instance of singleton bean 'localeCharsetMappingsCustomizer'
2025-08-16T20:36:15.325+03:00 DEBUG 15475 --- [           main] o.s.b.f.s.DefaultListableBeanFactory     : Creating shared instance of singleton bean 'org.springframework.boot.autoconfigure.web.servlet.HttpEncodingAutoConfiguration'
2025-08-16T20:36:15.326+03:00 DEBUG 15475 --- [           main] o.s.b.f.s.DefaultListableBeanFactory     : Autowiring by type from bean name 'org.springframework.boot.autoconfigure.web.servlet.HttpEncodingAutoConfiguration' via constructor to bean named 'server-org.springframework.boot.autoconfigure.web.ServerProperties'
2025-08-16T20:36:15.348+03:00 DEBUG 15475 --- [           main] o.s.b.f.s.DefaultListableBeanFactory     : Creating shared instance of singleton bean 'errorPageCustomizer'
2025-08-16T20:36:15.348+03:00 DEBUG 15475 --- [           main] o.s.b.f.s.DefaultListableBeanFactory     : Creating shared instance of singleton bean 'org.springframework.boot.autoconfigure.web.servlet.error.ErrorMvcAutoConfiguration'
2025-08-16T20:36:15.349+03:00 DEBUG 15475 --- [           main] o.s.b.f.s.DefaultListableBeanFactory     : Autowiring by type from bean name 'org.springframework.boot.autoconfigure.web.servlet.error.ErrorMvcAutoConfiguration' via constructor to bean named 'server-org.springframework.boot.autoconfigure.web.ServerProperties'
2025-08-16T20:36:15.351+03:00 DEBUG 15475 --- [           main] o.s.b.f.s.DefaultListableBeanFactory     : Creating shared instance of singleton bean 'dispatcherServletRegistration'
2025-08-16T20:36:15.351+03:00 DEBUG 15475 --- [           main] o.s.b.f.s.DefaultListableBeanFactory     : Creating shared instance of singleton bean 'org.springframework.boot.autoconfigure.web.servlet.DispatcherServletAutoConfiguration$DispatcherServletRegistrationConfiguration'
2025-08-16T20:36:15.352+03:00 DEBUG 15475 --- [           main] o.s.b.f.s.DefaultListableBeanFactory     : Creating shared instance of singleton bean 'dispatcherServlet'
2025-08-16T20:36:15.352+03:00 DEBUG 15475 --- [           main] o.s.b.f.s.DefaultListableBeanFactory     : Creating shared instance of singleton bean 'org.springframework.boot.autoconfigure.web.servlet.DispatcherServletAutoConfiguration$DispatcherServletConfiguration'
2025-08-16T20:36:15.353+03:00 DEBUG 15475 --- [           main] o.s.b.f.s.DefaultListableBeanFactory     : Creating shared instance of singleton bean 'spring.mvc-org.springframework.boot.autoconfigure.web.servlet.WebMvcProperties'
2025-08-16T20:36:15.359+03:00 DEBUG 15475 --- [           main] o.s.b.f.s.DefaultListableBeanFactory     : Autowiring by type from bean name 'dispatcherServlet' via factory method to bean named 'spring.mvc-org.springframework.boot.autoconfigure.web.servlet.WebMvcProperties'
2025-08-16T20:36:15.378+03:00 DEBUG 15475 --- [           main] o.s.b.f.s.DefaultListableBeanFactory     : Autowiring by type from bean name 'dispatcherServletRegistration' via factory method to bean named 'dispatcherServlet'
2025-08-16T20:36:15.378+03:00 DEBUG 15475 --- [           main] o.s.b.f.s.DefaultListableBeanFactory     : Autowiring by type from bean name 'dispatcherServletRegistration' via factory method to bean named 'spring.mvc-org.springframework.boot.autoconfigure.web.servlet.WebMvcProperties'
2025-08-16T20:36:15.380+03:00 DEBUG 15475 --- [           main] o.s.b.f.s.DefaultListableBeanFactory     : Creating shared instance of singleton bean 'multipartConfigElement'
2025-08-16T20:36:15.380+03:00 DEBUG 15475 --- [           main] o.s.b.f.s.DefaultListableBeanFactory     : Creating shared instance of singleton bean 'org.springframework.boot.autoconfigure.web.servlet.MultipartAutoConfiguration'
2025-08-16T20:36:15.381+03:00 DEBUG 15475 --- [           main] o.s.b.f.s.DefaultListableBeanFactory     : Creating shared instance of singleton bean 'spring.servlet.multipart-org.springframework.boot.autoconfigure.web.servlet.MultipartProperties'
2025-08-16T20:36:15.385+03:00 DEBUG 15475 --- [           main] o.s.b.f.s.DefaultListableBeanFactory     : Autowiring by type from bean name 'org.springframework.boot.autoconfigure.web.servlet.MultipartAutoConfiguration' via constructor to bean named 'spring.servlet.multipart-org.springframework.boot.autoconfigure.web.servlet.MultipartProperties'
2025-08-16T20:36:15.391+03:00 DEBUG 15475 --- [           main] o.s.b.f.s.DefaultListableBeanFactory     : Autowiring by type from bean name 'errorPageCustomizer' via factory method to bean named 'dispatcherServletRegistration'
2025-08-16T20:36:15.417+03:00 DEBUG 15475 --- [           main] o.apache.tomcat.util.compat.Jre19Compat  : Class not found so assuming code is running on a pre-Java 19 JVM

java.lang.ClassNotFoundException: java.lang.WrongThreadException
	at java.base/java.net.URLClassLoader.findClass(URLClassLoader.java:445) ~[na:na]
	at java.base/java.lang.ClassLoader.loadClass(ClassLoader.java:592) ~[na:na]
	at org.springframework.boot.loader.LaunchedURLClassLoader.loadClass(LaunchedURLClassLoader.java:149) ~[jira-1.0.jar:1.0]
	at java.base/java.lang.ClassLoader.loadClass(ClassLoader.java:525) ~[na:na]
	at java.base/java.lang.Class.forName0(Native Method) ~[na:na]
	at java.base/java.lang.Class.forName(Class.java:375) ~[na:na]
	at org.apache.tomcat.util.compat.Jre19Compat.<clinit>(Jre19Compat.java:37) ~[tomcat-embed-core-10.1.5.jar!/:na]
	at org.apache.tomcat.util.compat.JreCompat.<clinit>(JreCompat.java:53) ~[tomcat-embed-core-10.1.5.jar!/:na]
	at org.apache.catalina.startup.Tomcat.<clinit>(Tomcat.java:1276) ~[tomcat-embed-core-10.1.5.jar!/:na]
	at org.springframework.boot.web.embedded.tomcat.TomcatServletWebServerFactory.getWebServer(TomcatServletWebServerFactory.java:193) ~[spring-boot-3.0.2.jar!/:3.0.2]
	at org.springframework.boot.web.servlet.context.ServletWebServerApplicationContext.createWebServer(ServletWebServerApplicationContext.java:183) ~[spring-boot-3.0.2.jar!/:3.0.2]
	at org.springframework.boot.web.servlet.context.ServletWebServerApplicationContext.onRefresh(ServletWebServerApplicationContext.java:161) ~[spring-boot-3.0.2.jar!/:3.0.2]
	at org.springframework.context.support.AbstractApplicationContext.refresh(AbstractApplicationContext.java:578) ~[spring-context-6.0.4.jar!/:6.0.4]
	at org.springframework.boot.web.servlet.context.ServletWebServerApplicationContext.refresh(ServletWebServerApplicationContext.java:146) ~[spring-boot-3.0.2.jar!/:3.0.2]
	at org.springframework.boot.SpringApplication.refresh(SpringApplication.java:730) ~[spring-boot-3.0.2.jar!/:3.0.2]
	at org.springframework.boot.SpringApplication.refreshContext(SpringApplication.java:432) ~[spring-boot-3.0.2.jar!/:3.0.2]
	at org.springframework.boot.SpringApplication.run(SpringApplication.java:308) ~[spring-boot-3.0.2.jar!/:3.0.2]
	at org.springframework.boot.SpringApplication.run(SpringApplication.java:1302) ~[spring-boot-3.0.2.jar!/:3.0.2]
	at org.springframework.boot.SpringApplication.run(SpringApplication.java:1291) ~[spring-boot-3.0.2.jar!/:3.0.2]
	at com.javarush.jira.JiraRushApplication.main(JiraRushApplication.java:15) ~[classes!/:1.0]
	at java.base/jdk.internal.reflect.NativeMethodAccessorImpl.invoke0(Native Method) ~[na:na]
	at java.base/jdk.internal.reflect.NativeMethodAccessorImpl.invoke(NativeMethodAccessorImpl.java:77) ~[na:na]
	at java.base/jdk.internal.reflect.DelegatingMethodAccessorImpl.invoke(DelegatingMethodAccessorImpl.java:43) ~[na:na]
	at java.base/java.lang.reflect.Method.invoke(Method.java:568) ~[na:na]
	at org.springframework.boot.loader.MainMethodRunner.run(MainMethodRunner.java:49) ~[jira-1.0.jar:1.0]
	at org.springframework.boot.loader.Launcher.launch(Launcher.java:95) ~[jira-1.0.jar:1.0]
	at org.springframework.boot.loader.Launcher.launch(Launcher.java:58) ~[jira-1.0.jar:1.0]
	at org.springframework.boot.loader.JarLauncher.main(JarLauncher.java:65) ~[jira-1.0.jar:1.0]

2025-08-16T20:36:15.465+03:00 DEBUG 15475 --- [           main] o.apache.tomcat.util.IntrospectionUtils  : IntrospectionUtils: setProperty(class org.apache.coyote.http11.Http11NioProtocol port=8080)
2025-08-16T20:36:15.473+03:00 DEBUG 15475 --- [           main] o.apache.tomcat.util.IntrospectionUtils  : IntrospectionUtils: setProperty(class org.apache.coyote.http11.Http11NioProtocol bindOnInit=false)
2025-08-16T20:36:15.473+03:00 DEBUG 15475 --- [           main] o.apache.tomcat.util.IntrospectionUtils  : IntrospectionUtils: setProperty(class org.apache.tomcat.util.net.NioEndpoint bindOnInit=false)
2025-08-16T20:36:15.486+03:00 DEBUG 15475 --- [           main] org.apache.catalina.core.ContainerBase   : Add child StandardHost[localhost] StandardEngine[Tomcat]
2025-08-16T20:36:15.486+03:00 DEBUG 15475 --- [           main] .s.b.w.e.t.TomcatServletWebServerFactory : Code archive: /Users/nastya/IdeaProjects/project-final-version2/target/jira-1.0.jar
2025-08-16T20:36:15.486+03:00 DEBUG 15475 --- [           main] .s.b.w.e.t.TomcatServletWebServerFactory : Code archive: /Users/nastya/IdeaProjects/project-final-version2/target/jira-1.0.jar
2025-08-16T20:36:15.487+03:00 DEBUG 15475 --- [           main] .s.b.w.e.t.TomcatServletWebServerFactory : None of the document roots [src/main/webapp, public, static] point to a directory and will be ignored.
2025-08-16T20:36:15.506+03:00 DEBUG 15475 --- [           main] org.apache.catalina.core.ContainerBase   : Add child TomcatEmbeddedContext[] StandardEngine[Tomcat].StandardHost[localhost]
2025-08-16T20:36:15.511+03:00  INFO 15475 --- [           main] o.s.b.w.embedded.tomcat.TomcatWebServer  : Tomcat initialized with port(s): 8080 (http)
2025-08-16T20:36:15.522+03:00  INFO 15475 --- [           main] o.apache.catalina.core.StandardService   : Starting service [Tomcat]
2025-08-16T20:36:15.522+03:00  INFO 15475 --- [           main] o.apache.catalina.core.StandardEngine    : Starting Servlet engine: [Apache Tomcat/10.1.5]
2025-08-16T20:36:15.524+03:00 DEBUG 15475 --- [           main] o.apache.catalina.core.StandardContext   : Starting ROOT
2025-08-16T20:36:15.534+03:00 DEBUG 15475 --- [           main] o.apache.catalina.core.StandardContext   : Configuring default Resources
2025-08-16T20:36:15.549+03:00 DEBUG 15475 --- [           main] o.apache.catalina.core.StandardContext   : Processing standard container startup
2025-08-16T20:36:15.550+03:00 DEBUG 15475 --- [           main] o.apache.catalina.loader.WebappLoader    : Starting this Loader
2025-08-16T20:36:15.574+03:00 DEBUG 15475 --- [           main] o.a.c.authenticator.AuthenticatorBase    : No SingleSignOn Valve is present
2025-08-16T20:36:15.574+03:00 DEBUG 15475 --- [           main] o.apache.catalina.core.StandardContext   : No manager found. Checking if cluster manager should be used. Cluster configured: [false], Application distributable: [false]
2025-08-16T20:36:15.578+03:00 DEBUG 15475 --- [           main] o.apache.catalina.core.StandardContext   : Configured a manager of class [org.apache.catalina.session.StandardManager]
2025-08-16T20:36:15.585+03:00  INFO 15475 --- [           main] o.a.c.c.C.[Tomcat].[localhost].[/]       : Initializing Spring embedded WebApplicationContext
2025-08-16T20:36:15.585+03:00 DEBUG 15475 --- [           main] w.s.c.ServletWebServerApplicationContext : Published root WebApplicationContext as ServletContext attribute with name [org.springframework.web.context.WebApplicationContext.ROOT]
2025-08-16T20:36:15.587+03:00  INFO 15475 --- [           main] w.s.c.ServletWebServerApplicationContext : Root WebApplicationContext: initialization completed in 2198 ms
2025-08-16T20:36:15.589+03:00 DEBUG 15475 --- [           main] o.s.b.f.s.DefaultListableBeanFactory     : Creating shared instance of singleton bean 'securityFilterChainRegistration'
2025-08-16T20:36:15.589+03:00 DEBUG 15475 --- [           main] o.s.b.f.s.DefaultListableBeanFactory     : Creating shared instance of singleton bean 'org.springframework.boot.autoconfigure.security.servlet.SecurityFilterAutoConfiguration'
2025-08-16T20:36:15.591+03:00 DEBUG 15475 --- [           main] o.s.b.f.s.DefaultListableBeanFactory     : Creating shared instance of singleton bean 'spring.security-org.springframework.boot.autoconfigure.security.SecurityProperties'
2025-08-16T20:36:15.593+03:00 DEBUG 15475 --- [           main] o.s.b.f.s.DefaultListableBeanFactory     : Autowiring by type from bean name 'securityFilterChainRegistration' via factory method to bean named 'spring.security-org.springframework.boot.autoconfigure.security.SecurityProperties'
2025-08-16T20:36:15.596+03:00 DEBUG 15475 --- [           main] o.s.b.f.s.DefaultListableBeanFactory     : Creating shared instance of singleton bean 'resourceUrlEncodingFilter'
2025-08-16T20:36:15.596+03:00 DEBUG 15475 --- [           main] o.s.b.f.s.DefaultListableBeanFactory     : Creating shared instance of singleton bean 'org.springframework.boot.autoconfigure.thymeleaf.ThymeleafAutoConfiguration$ThymeleafWebMvcConfiguration'
2025-08-16T20:36:15.601+03:00 DEBUG 15475 --- [           main] o.s.b.f.s.DefaultListableBeanFactory     : Creating shared instance of singleton bean 'forwardedHeaderFilter'
2025-08-16T20:36:15.601+03:00 DEBUG 15475 --- [           main] o.s.b.f.s.DefaultListableBeanFactory     : Creating shared instance of singleton bean 'mvcConfig'
2025-08-16T20:36:15.602+03:00 DEBUG 15475 --- [           main] o.s.b.f.s.DefaultListableBeanFactory     : Creating shared instance of singleton bean 'app-com.javarush.jira.common.internal.config.AppProperties'
2025-08-16T20:36:15.606+03:00 DEBUG 15475 --- [           main] .h.v.m.ResourceBundleMessageInterpolator : Loaded expression factory via original TCCL
2025-08-16T20:36:15.607+03:00 DEBUG 15475 --- [           main] o.h.v.i.e.AbstractConfigurationImpl      : Setting custom MessageInterpolator of type org.springframework.validation.beanvalidation.LocaleContextMessageInterpolator
2025-08-16T20:36:15.608+03:00 DEBUG 15475 --- [           main] o.h.v.i.e.AbstractConfigurationImpl      : Setting custom ConstraintValidatorFactory of type org.springframework.validation.beanvalidation.SpringConstraintValidatorFactory
2025-08-16T20:36:15.609+03:00 DEBUG 15475 --- [           main] o.h.v.i.xml.config.ValidationXmlParser   : Trying to load META-INF/validation.xml for XML based Validator configuration.
2025-08-16T20:36:15.609+03:00 DEBUG 15475 --- [           main] o.h.v.i.xml.config.ResourceLoaderHelper  : Trying to load META-INF/validation.xml via user class loader
2025-08-16T20:36:15.609+03:00 DEBUG 15475 --- [           main] o.a.c.loader.WebappClassLoaderBase       : getResourceAsStream(META-INF/validation.xml)
2025-08-16T20:36:15.609+03:00 DEBUG 15475 --- [           main] o.a.c.loader.WebappClassLoaderBase       :   Delegating to parent classloader org.springframework.boot.loader.LaunchedURLClassLoader@5f375618
2025-08-16T20:36:15.610+03:00 DEBUG 15475 --- [           main] o.a.c.loader.WebappClassLoaderBase       :   Searching local repositories
2025-08-16T20:36:15.610+03:00 DEBUG 15475 --- [           main] o.a.c.loader.WebappClassLoaderBase       :   --> Resource not found, returning null
2025-08-16T20:36:15.610+03:00 DEBUG 15475 --- [           main] o.h.v.i.xml.config.ResourceLoaderHelper  : Trying to load META-INF/validation.xml via TCCL
2025-08-16T20:36:15.610+03:00 DEBUG 15475 --- [           main] o.a.c.loader.WebappClassLoaderBase       : getResourceAsStream(META-INF/validation.xml)
2025-08-16T20:36:15.611+03:00 DEBUG 15475 --- [           main] o.a.c.loader.WebappClassLoaderBase       :   Delegating to parent classloader org.springframework.boot.loader.LaunchedURLClassLoader@5f375618
2025-08-16T20:36:15.611+03:00 DEBUG 15475 --- [           main] o.a.c.loader.WebappClassLoaderBase       :   Searching local repositories
2025-08-16T20:36:15.611+03:00 DEBUG 15475 --- [           main] o.a.c.loader.WebappClassLoaderBase       :   --> Resource not found, returning null
2025-08-16T20:36:15.611+03:00 DEBUG 15475 --- [           main] o.h.v.i.xml.config.ResourceLoaderHelper  : Trying to load META-INF/validation.xml via Hibernate Validator's class loader
2025-08-16T20:36:15.611+03:00 DEBUG 15475 --- [           main] o.h.v.i.xml.config.ValidationXmlParser   : No META-INF/validation.xml found. Using annotation based configuration only.
2025-08-16T20:36:15.611+03:00 DEBUG 15475 --- [           main] o.h.v.i.e.resolver.TraversableResolvers  : Found jakarta.persistence.Persistence on classpath containing 'getPersistenceUtil'. Assuming JPA 2 environment. Trying to instantiate JPA aware TraversableResolver
2025-08-16T20:36:15.611+03:00 DEBUG 15475 --- [           main] o.h.v.i.e.resolver.TraversableResolvers  : Instantiated JPA aware TraversableResolver of type org.hibernate.validator.internal.engine.resolver.JPATraversableResolver.
2025-08-16T20:36:15.613+03:00 DEBUG 15475 --- [           main] .i.e.ValidatorFactoryConfigurationHelper : HV000252: Using org.hibernate.validator.internal.engine.DefaultPropertyNodeNameProvider as property node name provider.
2025-08-16T20:36:15.613+03:00 DEBUG 15475 --- [           main] .i.e.ValidatorFactoryConfigurationHelper : HV000234: Using org.springframework.validation.beanvalidation.LocaleContextMessageInterpolator as ValidatorFactory-scoped message interpolator.
2025-08-16T20:36:15.613+03:00 DEBUG 15475 --- [           main] .i.e.ValidatorFactoryConfigurationHelper : HV000234: Using org.hibernate.validator.internal.engine.resolver.JPATraversableResolver as ValidatorFactory-scoped traversable resolver.
2025-08-16T20:36:15.614+03:00 DEBUG 15475 --- [           main] .i.e.ValidatorFactoryConfigurationHelper : HV000234: Using org.hibernate.validator.internal.util.ExecutableParameterNameProvider as ValidatorFactory-scoped parameter name provider.
2025-08-16T20:36:15.614+03:00 DEBUG 15475 --- [           main] .i.e.ValidatorFactoryConfigurationHelper : HV000234: Using org.hibernate.validator.internal.engine.DefaultClockProvider as ValidatorFactory-scoped clock provider.
2025-08-16T20:36:15.614+03:00 DEBUG 15475 --- [           main] .i.e.ValidatorFactoryConfigurationHelper : HV000234: Using org.hibernate.validator.internal.engine.scripting.DefaultScriptEvaluatorFactory as ValidatorFactory-scoped script evaluator factory.
2025-08-16T20:36:15.690+03:00 DEBUG 15475 --- [           main] o.s.b.f.s.DefaultListableBeanFactory     : Autowiring by type from bean name 'mvcConfig' via constructor to bean named 'app-com.javarush.jira.common.internal.config.AppProperties'
2025-08-16T20:36:15.698+03:00 DEBUG 15475 --- [           main] o.s.b.f.s.DefaultListableBeanFactory     : Creating shared instance of singleton bean 'requestContextFilter'
2025-08-16T20:36:15.702+03:00 DEBUG 15475 --- [           main] o.s.b.f.s.DefaultListableBeanFactory     : Creating shared instance of singleton bean 'formContentFilter'
2025-08-16T20:36:15.702+03:00 DEBUG 15475 --- [           main] o.s.b.f.s.DefaultListableBeanFactory     : Creating shared instance of singleton bean 'org.springframework.boot.autoconfigure.web.servlet.WebMvcAutoConfiguration'
2025-08-16T20:36:15.706+03:00 DEBUG 15475 --- [           main] o.s.b.f.s.DefaultListableBeanFactory     : Creating shared instance of singleton bean 'characterEncodingFilter'
2025-08-16T20:36:15.715+03:00 DEBUG 15475 --- [           main] o.s.b.w.s.ServletContextInitializerBeans : Mapping filters: springSecurityFilterChain urls=[/*] order=-100, filterRegistrationBean urls=[/*] order=2147483647, characterEncodingFilter urls=[/*] order=-2147483648, formContentFilter urls=[/*] order=-9900, requestContextFilter urls=[/*] order=-105, forwardedHeaderFilter urls=[/*] order=2147483647
2025-08-16T20:36:15.716+03:00 DEBUG 15475 --- [           main] o.s.b.w.s.ServletContextInitializerBeans : Mapping servlets: dispatcherServlet urls=[/]
2025-08-16T20:36:15.720+03:00 DEBUG 15475 --- [           main] org.apache.catalina.core.ContainerBase   : Add child StandardWrapper[dispatcherServlet] StandardEngine[Tomcat].StandardHost[localhost].TomcatEmbeddedContext[]
2025-08-16T20:36:15.738+03:00 DEBUG 15475 --- [           main] o.apache.catalina.core.StandardContext   : Configuring application event listeners
2025-08-16T20:36:15.738+03:00 DEBUG 15475 --- [           main] o.a.c.c.C.[Tomcat].[localhost].[/]       : Sending application start events
2025-08-16T20:36:15.740+03:00 DEBUG 15475 --- [           main] o.a.catalina.session.StandardManager     : Start: Loading persisted sessions
2025-08-16T20:36:15.740+03:00 DEBUG 15475 --- [           main] o.a.c.c.C.[Tomcat].[localhost].[/]       : Starting filters
2025-08-16T20:36:15.740+03:00 DEBUG 15475 --- [           main] o.a.c.c.C.[Tomcat].[localhost].[/]       :  Starting filter 'requestContextFilter'
2025-08-16T20:36:15.743+03:00 DEBUG 15475 --- [           main] o.s.b.w.s.f.OrderedRequestContextFilter  : Filter 'requestContextFilter' configured for use
2025-08-16T20:36:15.746+03:00 DEBUG 15475 --- [           main] o.a.c.c.C.[Tomcat].[localhost].[/]       :  Starting filter 'resourceUrlEncodingFilter'
2025-08-16T20:36:15.746+03:00 DEBUG 15475 --- [           main] o.s.w.s.r.ResourceUrlEncodingFilter      : Filter 'resourceUrlEncodingFilter' configured for use
2025-08-16T20:36:15.747+03:00 DEBUG 15475 --- [           main] o.a.c.c.C.[Tomcat].[localhost].[/]       :  Starting filter 'Tomcat WebSocket (JSR356) Filter'
2025-08-16T20:36:15.747+03:00 DEBUG 15475 --- [           main] o.a.c.c.C.[Tomcat].[localhost].[/]       :  Starting filter 'forwardedHeaderFilter'
2025-08-16T20:36:15.747+03:00 DEBUG 15475 --- [           main] o.s.web.filter.ForwardedHeaderFilter     : Filter 'forwardedHeaderFilter' configured for use
2025-08-16T20:36:15.747+03:00 DEBUG 15475 --- [           main] o.a.c.c.C.[Tomcat].[localhost].[/]       :  Starting filter 'characterEncodingFilter'
2025-08-16T20:36:15.747+03:00 DEBUG 15475 --- [           main] s.b.w.s.f.OrderedCharacterEncodingFilter : Filter 'characterEncodingFilter' configured for use
2025-08-16T20:36:15.747+03:00 DEBUG 15475 --- [           main] o.a.c.c.C.[Tomcat].[localhost].[/]       :  Starting filter 'springSecurityFilterChain'
2025-08-16T20:36:15.747+03:00 DEBUG 15475 --- [           main] .DelegatingFilterProxyRegistrationBean$1 : Filter 'springSecurityFilterChain' configured for use
2025-08-16T20:36:15.748+03:00 DEBUG 15475 --- [           main] o.a.c.c.C.[Tomcat].[localhost].[/]       :  Starting filter 'formContentFilter'
2025-08-16T20:36:15.748+03:00 DEBUG 15475 --- [           main] o.s.b.w.s.f.OrderedFormContentFilter     : Filter 'formContentFilter' configured for use
2025-08-16T20:36:15.748+03:00 DEBUG 15475 --- [           main] o.apache.catalina.core.StandardContext   : Starting completed
2025-08-16T20:36:15.751+03:00 DEBUG 15475 --- [           main] org.apache.catalina.mapper.Mapper        : Registered host [localhost]
2025-08-16T20:36:15.751+03:00 DEBUG 15475 --- [           main] o.apache.catalina.mapper.MapperListener  : Register Wrapper [dispatcherServlet] in Context [] for service [StandardService[Tomcat]]
2025-08-16T20:36:15.752+03:00 DEBUG 15475 --- [           main] o.apache.catalina.mapper.MapperListener  : Register Context [] for service [StandardService[Tomcat]]
2025-08-16T20:36:15.752+03:00 DEBUG 15475 --- [           main] o.apache.catalina.mapper.MapperListener  : Register host [localhost] at domain [null] for service [StandardService[Tomcat]]
2025-08-16T20:36:15.757+03:00 DEBUG 15475 --- [           main] o.s.b.f.s.DefaultListableBeanFactory     : Creating shared instance of singleton bean 'cacheManager'
2025-08-16T20:36:15.757+03:00 DEBUG 15475 --- [           main] o.s.b.f.s.DefaultListableBeanFactory     : Creating shared instance of singleton bean 'org.springframework.boot.autoconfigure.cache.CaffeineCacheConfiguration'
2025-08-16T20:36:15.759+03:00 DEBUG 15475 --- [           main] o.s.b.f.s.DefaultListableBeanFactory     : Creating shared instance of singleton bean 'spring.cache-org.springframework.boot.autoconfigure.cache.CacheProperties'
2025-08-16T20:36:15.763+03:00 DEBUG 15475 --- [           main] o.s.b.f.s.DefaultListableBeanFactory     : Creating shared instance of singleton bean 'cacheManagerCustomizers'
2025-08-16T20:36:15.764+03:00 DEBUG 15475 --- [           main] o.s.b.f.s.DefaultListableBeanFactory     : Creating shared instance of singleton bean 'org.springframework.boot.autoconfigure.cache.CacheAutoConfiguration'
2025-08-16T20:36:15.766+03:00 DEBUG 15475 --- [           main] o.s.b.f.s.DefaultListableBeanFactory     : Autowiring by type from bean name 'cacheManager' via factory method to bean named 'spring.cache-org.springframework.boot.autoconfigure.cache.CacheProperties'
2025-08-16T20:36:15.766+03:00 DEBUG 15475 --- [           main] o.s.b.f.s.DefaultListableBeanFactory     : Autowiring by type from bean name 'cacheManager' via factory method to bean named 'cacheManagerCustomizers'
2025-08-16T20:36:15.794+03:00 DEBUG 15475 --- [           main] o.s.b.f.s.DefaultListableBeanFactory     : Creating shared instance of singleton bean 'liquibase'
2025-08-16T20:36:15.794+03:00 DEBUG 15475 --- [           main] o.s.b.f.s.DefaultListableBeanFactory     : Creating shared instance of singleton bean 'org.springframework.boot.autoconfigure.liquibase.LiquibaseAutoConfiguration$LiquibaseConfiguration'
2025-08-16T20:36:15.795+03:00 DEBUG 15475 --- [           main] o.s.b.f.s.DefaultListableBeanFactory     : Creating shared instance of singleton bean 'spring.liquibase-org.springframework.boot.autoconfigure.liquibase.LiquibaseProperties'
2025-08-16T20:36:15.799+03:00 DEBUG 15475 --- [           main] o.s.b.f.s.DefaultListableBeanFactory     : Autowiring by type from bean name 'org.springframework.boot.autoconfigure.liquibase.LiquibaseAutoConfiguration$LiquibaseConfiguration' via constructor to bean named 'spring.liquibase-org.springframework.boot.autoconfigure.liquibase.LiquibaseProperties'
2025-08-16T20:36:15.803+03:00 DEBUG 15475 --- [           main] o.s.b.f.s.DefaultListableBeanFactory     : Creating shared instance of singleton bean 'dataSource'
2025-08-16T20:36:15.804+03:00 DEBUG 15475 --- [           main] o.s.b.f.s.DefaultListableBeanFactory     : Creating shared instance of singleton bean 'org.springframework.boot.autoconfigure.jdbc.DataSourceConfiguration$Hikari'
2025-08-16T20:36:15.805+03:00 DEBUG 15475 --- [           main] o.s.b.f.s.DefaultListableBeanFactory     : Creating shared instance of singleton bean 'spring.datasource-org.springframework.boot.autoconfigure.jdbc.DataSourceProperties'
2025-08-16T20:36:15.807+03:00 DEBUG 15475 --- [           main] ySourcesPropertyResolver$DefaultResolver : Found key 'DB_PASSWORD' in PropertySource 'systemEnvironment' with value of type String
2025-08-16T20:36:15.807+03:00 DEBUG 15475 --- [           main] ySourcesPropertyResolver$DefaultResolver : Found key 'DB_URL' in PropertySource 'systemEnvironment' with value of type String
2025-08-16T20:36:15.807+03:00 DEBUG 15475 --- [           main] ySourcesPropertyResolver$DefaultResolver : Found key 'DB_USER' in PropertySource 'systemEnvironment' with value of type String
2025-08-16T20:36:15.816+03:00 DEBUG 15475 --- [           main] o.s.b.f.s.DefaultListableBeanFactory     : Autowiring by type from bean name 'dataSource' via factory method to bean named 'spring.datasource-org.springframework.boot.autoconfigure.jdbc.DataSourceProperties'
2025-08-16T20:36:15.819+03:00 DEBUG 15475 --- [           main] com.zaxxer.hikari.HikariConfig           : Driver class org.postgresql.Driver found in Thread context class loader org.springframework.boot.loader.LaunchedURLClassLoader@5f375618
2025-08-16T20:36:15.861+03:00 DEBUG 15475 --- [           main] liquibase.servicelocator                 : Loaded liquibase.configuration.AutoloadedConfigurations instance liquibase.GlobalConfiguration
2025-08-16T20:36:15.863+03:00 DEBUG 15475 --- [           main] liquibase.servicelocator                 : Loaded liquibase.configuration.AutoloadedConfigurations instance liquibase.integration.commandline.LiquibaseCommandLineConfiguration
2025-08-16T20:36:15.865+03:00 DEBUG 15475 --- [           main] liquibase.servicelocator                 : Loaded liquibase.configuration.AutoloadedConfigurations instance liquibase.hub.HubConfiguration
2025-08-16T20:36:15.865+03:00 DEBUG 15475 --- [           main] liquibase.servicelocator                 : Loaded liquibase.configuration.AutoloadedConfigurations instance liquibase.logging.core.DefaultLoggerConfiguration
2025-08-16T20:36:15.866+03:00 DEBUG 15475 --- [           main] liquibase.servicelocator                 : Loaded liquibase.configuration.AutoloadedConfigurations instance liquibase.sql.SqlConfiguration
2025-08-16T20:36:15.868+03:00 DEBUG 15475 --- [           main] liquibase.servicelocator                 : Loaded liquibase.configuration.AutoloadedConfigurations instance liquibase.parser.ChangeLogParserConfiguration
2025-08-16T20:36:15.868+03:00 DEBUG 15475 --- [           main] liquibase.configuration                  : Found ConfigurationDefinitions in liquibase.GlobalConfiguration
2025-08-16T20:36:15.868+03:00 DEBUG 15475 --- [           main] liquibase.configuration                  : Found ConfigurationDefinitions in liquibase.integration.commandline.LiquibaseCommandLineConfiguration
2025-08-16T20:36:15.868+03:00 DEBUG 15475 --- [           main] liquibase.configuration                  : Found ConfigurationDefinitions in liquibase.hub.HubConfiguration
2025-08-16T20:36:15.868+03:00 DEBUG 15475 --- [           main] liquibase.configuration                  : Found ConfigurationDefinitions in liquibase.logging.core.DefaultLoggerConfiguration
2025-08-16T20:36:15.868+03:00 DEBUG 15475 --- [           main] liquibase.configuration                  : Found ConfigurationDefinitions in liquibase.sql.SqlConfiguration
2025-08-16T20:36:15.868+03:00 DEBUG 15475 --- [           main] liquibase.configuration                  : Found ConfigurationDefinitions in liquibase.parser.ChangeLogParserConfiguration
2025-08-16T20:36:15.870+03:00 DEBUG 15475 --- [           main] liquibase.servicelocator                 : Loaded liquibase.configuration.ConfigurationValueProvider instance liquibase.configuration.core.DeprecatedConfigurationValueProvider
2025-08-16T20:36:15.870+03:00 DEBUG 15475 --- [           main] liquibase.servicelocator                 : Loaded liquibase.configuration.ConfigurationValueProvider instance liquibase.configuration.core.SystemPropertyValueProvider
2025-08-16T20:36:15.871+03:00 DEBUG 15475 --- [           main] liquibase.servicelocator                 : Loaded liquibase.configuration.ConfigurationValueProvider instance liquibase.configuration.core.ScopeValueProvider
2025-08-16T20:36:15.873+03:00 DEBUG 15475 --- [           main] liquibase.servicelocator                 : Loaded liquibase.logging.LogService instance liquibase.logging.core.BufferedLogService
2025-08-16T20:36:15.874+03:00 DEBUG 15475 --- [           main] liquibase.servicelocator                 : Loaded liquibase.logging.LogService instance liquibase.logging.core.CompositeLogService
2025-08-16T20:36:15.874+03:00 DEBUG 15475 --- [           main] liquibase.servicelocator                 : Loaded liquibase.logging.LogService instance liquibase.logging.core.JavaLogService
2025-08-16T20:36:15.875+03:00 DEBUG 15475 --- [           main] liquibase.servicelocator                 : Loaded liquibase.servicelocator.ServiceLocator instance liquibase.servicelocator.StandardServiceLocator
2025-08-16T20:36:15.884+03:00 DEBUG 15475 --- [           main] liquibase.configuration                  : No configuration value for liquibase.shouldRun aka should.run found
2025-08-16T20:36:15.884+03:00 DEBUG 15475 --- [           main] liquibase.configuration                  : Configuration liquibase.shouldRun is using the default value of true
2025-08-16T20:36:15.885+03:00 DEBUG 15475 --- [           main] com.zaxxer.hikari.HikariConfig           : HikariPool-1 - configuration:
2025-08-16T20:36:15.887+03:00 DEBUG 15475 --- [           main] com.zaxxer.hikari.HikariConfig           : allowPoolSuspension.............false
2025-08-16T20:36:15.887+03:00 DEBUG 15475 --- [           main] com.zaxxer.hikari.HikariConfig           : autoCommit......................true
2025-08-16T20:36:15.887+03:00 DEBUG 15475 --- [           main] com.zaxxer.hikari.HikariConfig           : catalog.........................none
2025-08-16T20:36:15.887+03:00 DEBUG 15475 --- [           main] com.zaxxer.hikari.HikariConfig           : connectionInitSql...............none
2025-08-16T20:36:15.887+03:00 DEBUG 15475 --- [           main] com.zaxxer.hikari.HikariConfig           : connectionTestQuery.............none
2025-08-16T20:36:15.887+03:00 DEBUG 15475 --- [           main] com.zaxxer.hikari.HikariConfig           : connectionTimeout...............30000
2025-08-16T20:36:15.887+03:00 DEBUG 15475 --- [           main] com.zaxxer.hikari.HikariConfig           : dataSource......................none
2025-08-16T20:36:15.887+03:00 DEBUG 15475 --- [           main] com.zaxxer.hikari.HikariConfig           : dataSourceClassName.............none
2025-08-16T20:36:15.888+03:00 DEBUG 15475 --- [           main] com.zaxxer.hikari.HikariConfig           : dataSourceJNDI..................none
2025-08-16T20:36:15.888+03:00 DEBUG 15475 --- [           main] com.zaxxer.hikari.HikariConfig           : dataSourceProperties............{password=<masked>}
2025-08-16T20:36:15.888+03:00 DEBUG 15475 --- [           main] com.zaxxer.hikari.HikariConfig           : driverClassName................."org.postgresql.Driver"
2025-08-16T20:36:15.888+03:00 DEBUG 15475 --- [           main] com.zaxxer.hikari.HikariConfig           : exceptionOverrideClassName......none
2025-08-16T20:36:15.888+03:00 DEBUG 15475 --- [           main] com.zaxxer.hikari.HikariConfig           : healthCheckProperties...........{}
2025-08-16T20:36:15.888+03:00 DEBUG 15475 --- [           main] com.zaxxer.hikari.HikariConfig           : healthCheckRegistry.............none
2025-08-16T20:36:15.888+03:00 DEBUG 15475 --- [           main] com.zaxxer.hikari.HikariConfig           : idleTimeout.....................600000
2025-08-16T20:36:15.888+03:00 DEBUG 15475 --- [           main] com.zaxxer.hikari.HikariConfig           : initializationFailTimeout.......1
2025-08-16T20:36:15.888+03:00 DEBUG 15475 --- [           main] com.zaxxer.hikari.HikariConfig           : isolateInternalQueries..........false
2025-08-16T20:36:15.889+03:00 DEBUG 15475 --- [           main] com.zaxxer.hikari.HikariConfig           : jdbcUrl.........................jdbc:postgresql://localhost:5434/jira?options=-c%20TimeZone=UTC
2025-08-16T20:36:15.889+03:00 DEBUG 15475 --- [           main] com.zaxxer.hikari.HikariConfig           : keepaliveTime...................0
2025-08-16T20:36:15.889+03:00 DEBUG 15475 --- [           main] com.zaxxer.hikari.HikariConfig           : leakDetectionThreshold..........0
2025-08-16T20:36:15.889+03:00 DEBUG 15475 --- [           main] com.zaxxer.hikari.HikariConfig           : maxLifetime.....................1800000
2025-08-16T20:36:15.889+03:00 DEBUG 15475 --- [           main] com.zaxxer.hikari.HikariConfig           : maximumPoolSize.................10
2025-08-16T20:36:15.889+03:00 DEBUG 15475 --- [           main] com.zaxxer.hikari.HikariConfig           : metricRegistry..................none
2025-08-16T20:36:15.889+03:00 DEBUG 15475 --- [           main] com.zaxxer.hikari.HikariConfig           : metricsTrackerFactory...........none
2025-08-16T20:36:15.889+03:00 DEBUG 15475 --- [           main] com.zaxxer.hikari.HikariConfig           : minimumIdle.....................10
2025-08-16T20:36:15.889+03:00 DEBUG 15475 --- [           main] com.zaxxer.hikari.HikariConfig           : password........................<masked>
2025-08-16T20:36:15.889+03:00 DEBUG 15475 --- [           main] com.zaxxer.hikari.HikariConfig           : poolName........................"HikariPool-1"
2025-08-16T20:36:15.889+03:00 DEBUG 15475 --- [           main] com.zaxxer.hikari.HikariConfig           : readOnly........................false
2025-08-16T20:36:15.889+03:00 DEBUG 15475 --- [           main] com.zaxxer.hikari.HikariConfig           : registerMbeans..................false
2025-08-16T20:36:15.889+03:00 DEBUG 15475 --- [           main] com.zaxxer.hikari.HikariConfig           : scheduledExecutor...............none
2025-08-16T20:36:15.890+03:00 DEBUG 15475 --- [           main] com.zaxxer.hikari.HikariConfig           : schema..........................none
2025-08-16T20:36:15.890+03:00 DEBUG 15475 --- [           main] com.zaxxer.hikari.HikariConfig           : threadFactory...................internal
2025-08-16T20:36:15.890+03:00 DEBUG 15475 --- [           main] com.zaxxer.hikari.HikariConfig           : transactionIsolation............default
2025-08-16T20:36:15.890+03:00 DEBUG 15475 --- [           main] com.zaxxer.hikari.HikariConfig           : username........................"jira"
2025-08-16T20:36:15.890+03:00 DEBUG 15475 --- [           main] com.zaxxer.hikari.HikariConfig           : validationTimeout...............5000
2025-08-16T20:36:15.890+03:00  INFO 15475 --- [           main] com.zaxxer.hikari.HikariDataSource       : HikariPool-1 - Starting...
2025-08-16T20:36:15.906+03:00 DEBUG 15475 --- [           main] org.postgresql.Driver                    : Loading driver configuration via classloader org.springframework.boot.loader.LaunchedURLClassLoader@5f375618
2025-08-16T20:36:15.907+03:00 DEBUG 15475 --- [           main] org.postgresql.Driver                    : Connecting with URL: jdbc:postgresql://localhost:5434/jira?options=-c%20TimeZone=UTC
2025-08-16T20:36:15.919+03:00 DEBUG 15475 --- [           main] org.postgresql.jdbc.PgConnection         : PostgreSQL JDBC Driver 42.7.3
2025-08-16T20:36:15.920+03:00 DEBUG 15475 --- [           main] org.postgresql.jdbc.PgConnection         :   setDefaultFetchSize = 0
2025-08-16T20:36:15.920+03:00 DEBUG 15475 --- [           main] org.postgresql.jdbc.PgConnection         :   setPrepareThreshold = 5
2025-08-16T20:36:15.930+03:00 DEBUG 15475 --- [           main] o.p.core.v3.ConnectionFactoryImpl        : Trying to establish a protocol version 3 connection to localhost:5434
2025-08-16T20:36:15.964+03:00 DEBUG 15475 --- [           main] o.p.core.v3.ConnectionFactoryImpl        : Receive Buffer Size is 408,300
2025-08-16T20:36:15.964+03:00 DEBUG 15475 --- [           main] o.p.core.v3.ConnectionFactoryImpl        : Send Buffer Size is 146,988
2025-08-16T20:36:16.088+03:00 DEBUG 15475 --- [           main] org.postgresql.Driver                    : Connection error: 

org.postgresql.util.PSQLException: FATAL: invalid value for parameter "TimeZone": "Europe/Kiev"
	at org.postgresql.core.v3.QueryExecutorImpl.receiveErrorResponse(QueryExecutorImpl.java:2725) ~[postgresql-42.7.3.jar!/:42.7.3]
	at org.postgresql.core.v3.QueryExecutorImpl.readStartupMessages(QueryExecutorImpl.java:2837) ~[postgresql-42.7.3.jar!/:42.7.3]
	at org.postgresql.core.v3.QueryExecutorImpl.<init>(QueryExecutorImpl.java:175) ~[postgresql-42.7.3.jar!/:42.7.3]
	at org.postgresql.core.v3.ConnectionFactoryImpl.openConnectionImpl(ConnectionFactoryImpl.java:317) ~[postgresql-42.7.3.jar!/:42.7.3]
	at org.postgresql.core.ConnectionFactory.openConnection(ConnectionFactory.java:54) ~[postgresql-42.7.3.jar!/:42.7.3]
	at org.postgresql.jdbc.PgConnection.<init>(PgConnection.java:273) ~[postgresql-42.7.3.jar!/:42.7.3]
	at org.postgresql.Driver.makeConnection(Driver.java:446) ~[postgresql-42.7.3.jar!/:42.7.3]
	at org.postgresql.Driver.connect(Driver.java:298) ~[postgresql-42.7.3.jar!/:42.7.3]
	at com.zaxxer.hikari.util.DriverDataSource.getConnection(DriverDataSource.java:138) ~[HikariCP-5.0.1.jar!/:na]
	at com.zaxxer.hikari.pool.PoolBase.newConnection(PoolBase.java:359) ~[HikariCP-5.0.1.jar!/:na]
	at com.zaxxer.hikari.pool.PoolBase.newPoolEntry(PoolBase.java:201) ~[HikariCP-5.0.1.jar!/:na]
	at com.zaxxer.hikari.pool.HikariPool.createPoolEntry(HikariPool.java:470) ~[HikariCP-5.0.1.jar!/:na]
	at com.zaxxer.hikari.pool.HikariPool.checkFailFast(HikariPool.java:561) ~[HikariCP-5.0.1.jar!/:na]
	at com.zaxxer.hikari.pool.HikariPool.<init>(HikariPool.java:100) ~[HikariCP-5.0.1.jar!/:na]
	at com.zaxxer.hikari.HikariDataSource.getConnection(HikariDataSource.java:112) ~[HikariCP-5.0.1.jar!/:na]
	at liquibase.integration.spring.SpringLiquibase.afterPropertiesSet(SpringLiquibase.java:280) ~[liquibase-core-4.17.2.jar!/:na]
	at org.springframework.beans.factory.support.AbstractAutowireCapableBeanFactory.invokeInitMethods(AbstractAutowireCapableBeanFactory.java:1797) ~[spring-beans-6.0.4.jar!/:6.0.4]
	at org.springframework.beans.factory.support.AbstractAutowireCapableBeanFactory.initializeBean(AbstractAutowireCapableBeanFactory.java:1747) ~[spring-beans-6.0.4.jar!/:6.0.4]
	at org.springframework.beans.factory.support.AbstractAutowireCapableBeanFactory.doCreateBean(AbstractAutowireCapableBeanFactory.java:599) ~[spring-beans-6.0.4.jar!/:6.0.4]
	at org.springframework.beans.factory.support.AbstractAutowireCapableBeanFactory.createBean(AbstractAutowireCapableBeanFactory.java:521) ~[spring-beans-6.0.4.jar!/:6.0.4]
	at org.springframework.beans.factory.support.AbstractBeanFactory.lambda$doGetBean$0(AbstractBeanFactory.java:326) ~[spring-beans-6.0.4.jar!/:6.0.4]
	at org.springframework.beans.factory.support.DefaultSingletonBeanRegistry.getSingleton(DefaultSingletonBeanRegistry.java:234) ~[spring-beans-6.0.4.jar!/:6.0.4]
	at org.springframework.beans.factory.support.AbstractBeanFactory.doGetBean(AbstractBeanFactory.java:324) ~[spring-beans-6.0.4.jar!/:6.0.4]
	at org.springframework.beans.factory.support.AbstractBeanFactory.getBean(AbstractBeanFactory.java:200) ~[spring-beans-6.0.4.jar!/:6.0.4]
	at org.springframework.beans.factory.support.AbstractBeanFactory.doGetBean(AbstractBeanFactory.java:313) ~[spring-beans-6.0.4.jar!/:6.0.4]
	at org.springframework.beans.factory.support.AbstractBeanFactory.getBean(AbstractBeanFactory.java:200) ~[spring-beans-6.0.4.jar!/:6.0.4]
	at org.springframework.context.support.AbstractApplicationContext.getBean(AbstractApplicationContext.java:1130) ~[spring-context-6.0.4.jar!/:6.0.4]
	at org.springframework.context.support.AbstractApplicationContext.finishBeanFactoryInitialization(AbstractApplicationContext.java:905) ~[spring-context-6.0.4.jar!/:6.0.4]
	at org.springframework.context.support.AbstractApplicationContext.refresh(AbstractApplicationContext.java:584) ~[spring-context-6.0.4.jar!/:6.0.4]
	at org.springframework.boot.web.servlet.context.ServletWebServerApplicationContext.refresh(ServletWebServerApplicationContext.java:146) ~[spring-boot-3.0.2.jar!/:3.0.2]
	at org.springframework.boot.SpringApplication.refresh(SpringApplication.java:730) ~[spring-boot-3.0.2.jar!/:3.0.2]
	at org.springframework.boot.SpringApplication.refreshContext(SpringApplication.java:432) ~[spring-boot-3.0.2.jar!/:3.0.2]
	at org.springframework.boot.SpringApplication.run(SpringApplication.java:308) ~[spring-boot-3.0.2.jar!/:3.0.2]
	at org.springframework.boot.SpringApplication.run(SpringApplication.java:1302) ~[spring-boot-3.0.2.jar!/:3.0.2]
	at org.springframework.boot.SpringApplication.run(SpringApplication.java:1291) ~[spring-boot-3.0.2.jar!/:3.0.2]
	at com.javarush.jira.JiraRushApplication.main(JiraRushApplication.java:15) ~[classes!/:1.0]
	at java.base/jdk.internal.reflect.NativeMethodAccessorImpl.invoke0(Native Method) ~[na:na]
	at java.base/jdk.internal.reflect.NativeMethodAccessorImpl.invoke(NativeMethodAccessorImpl.java:77) ~[na:na]
	at java.base/jdk.internal.reflect.DelegatingMethodAccessorImpl.invoke(DelegatingMethodAccessorImpl.java:43) ~[na:na]
	at java.base/java.lang.reflect.Method.invoke(Method.java:568) ~[na:na]
	at org.springframework.boot.loader.MainMethodRunner.run(MainMethodRunner.java:49) ~[jira-1.0.jar:1.0]
	at org.springframework.boot.loader.Launcher.launch(Launcher.java:95) ~[jira-1.0.jar:1.0]
	at org.springframework.boot.loader.Launcher.launch(Launcher.java:58) ~[jira-1.0.jar:1.0]
	at org.springframework.boot.loader.JarLauncher.main(JarLauncher.java:65) ~[jira-1.0.jar:1.0]

2025-08-16T20:36:16.089+03:00 DEBUG 15475 --- [           main] com.zaxxer.hikari.pool.PoolBase          : HikariPool-1 - Failed to create/setup connection: FATAL: invalid value for parameter "TimeZone": "Europe/Kiev"
2025-08-16T20:36:16.090+03:00 DEBUG 15475 --- [           main] com.zaxxer.hikari.pool.HikariPool        : HikariPool-1 - Cannot acquire connection from data source

org.postgresql.util.PSQLException: FATAL: invalid value for parameter "TimeZone": "Europe/Kiev"
	at org.postgresql.core.v3.QueryExecutorImpl.receiveErrorResponse(QueryExecutorImpl.java:2725) ~[postgresql-42.7.3.jar!/:42.7.3]
	at org.postgresql.core.v3.QueryExecutorImpl.readStartupMessages(QueryExecutorImpl.java:2837) ~[postgresql-42.7.3.jar!/:42.7.3]
	at org.postgresql.core.v3.QueryExecutorImpl.<init>(QueryExecutorImpl.java:175) ~[postgresql-42.7.3.jar!/:42.7.3]
	at org.postgresql.core.v3.ConnectionFactoryImpl.openConnectionImpl(ConnectionFactoryImpl.java:317) ~[postgresql-42.7.3.jar!/:42.7.3]
	at org.postgresql.core.ConnectionFactory.openConnection(ConnectionFactory.java:54) ~[postgresql-42.7.3.jar!/:42.7.3]
	at org.postgresql.jdbc.PgConnection.<init>(PgConnection.java:273) ~[postgresql-42.7.3.jar!/:42.7.3]
	at org.postgresql.Driver.makeConnection(Driver.java:446) ~[postgresql-42.7.3.jar!/:42.7.3]
	at org.postgresql.Driver.connect(Driver.java:298) ~[postgresql-42.7.3.jar!/:42.7.3]
	at com.zaxxer.hikari.util.DriverDataSource.getConnection(DriverDataSource.java:138) ~[HikariCP-5.0.1.jar!/:na]
	at com.zaxxer.hikari.pool.PoolBase.newConnection(PoolBase.java:359) ~[HikariCP-5.0.1.jar!/:na]
	at com.zaxxer.hikari.pool.PoolBase.newPoolEntry(PoolBase.java:201) ~[HikariCP-5.0.1.jar!/:na]
	at com.zaxxer.hikari.pool.HikariPool.createPoolEntry(HikariPool.java:470) ~[HikariCP-5.0.1.jar!/:na]
	at com.zaxxer.hikari.pool.HikariPool.checkFailFast(HikariPool.java:561) ~[HikariCP-5.0.1.jar!/:na]
	at com.zaxxer.hikari.pool.HikariPool.<init>(HikariPool.java:100) ~[HikariCP-5.0.1.jar!/:na]
	at com.zaxxer.hikari.HikariDataSource.getConnection(HikariDataSource.java:112) ~[HikariCP-5.0.1.jar!/:na]
	at liquibase.integration.spring.SpringLiquibase.afterPropertiesSet(SpringLiquibase.java:280) ~[liquibase-core-4.17.2.jar!/:na]
	at org.springframework.beans.factory.support.AbstractAutowireCapableBeanFactory.invokeInitMethods(AbstractAutowireCapableBeanFactory.java:1797) ~[spring-beans-6.0.4.jar!/:6.0.4]
	at org.springframework.beans.factory.support.AbstractAutowireCapableBeanFactory.initializeBean(AbstractAutowireCapableBeanFactory.java:1747) ~[spring-beans-6.0.4.jar!/:6.0.4]
	at org.springframework.beans.factory.support.AbstractAutowireCapableBeanFactory.doCreateBean(AbstractAutowireCapableBeanFactory.java:599) ~[spring-beans-6.0.4.jar!/:6.0.4]
	at org.springframework.beans.factory.support.AbstractAutowireCapableBeanFactory.createBean(AbstractAutowireCapableBeanFactory.java:521) ~[spring-beans-6.0.4.jar!/:6.0.4]
	at org.springframework.beans.factory.support.AbstractBeanFactory.lambda$doGetBean$0(AbstractBeanFactory.java:326) ~[spring-beans-6.0.4.jar!/:6.0.4]
	at org.springframework.beans.factory.support.DefaultSingletonBeanRegistry.getSingleton(DefaultSingletonBeanRegistry.java:234) ~[spring-beans-6.0.4.jar!/:6.0.4]
	at org.springframework.beans.factory.support.AbstractBeanFactory.doGetBean(AbstractBeanFactory.java:324) ~[spring-beans-6.0.4.jar!/:6.0.4]
	at org.springframework.beans.factory.support.AbstractBeanFactory.getBean(AbstractBeanFactory.java:200) ~[spring-beans-6.0.4.jar!/:6.0.4]
	at org.springframework.beans.factory.support.AbstractBeanFactory.doGetBean(AbstractBeanFactory.java:313) ~[spring-beans-6.0.4.jar!/:6.0.4]
	at org.springframework.beans.factory.support.AbstractBeanFactory.getBean(AbstractBeanFactory.java:200) ~[spring-beans-6.0.4.jar!/:6.0.4]
	at org.springframework.context.support.AbstractApplicationContext.getBean(AbstractApplicationContext.java:1130) ~[spring-context-6.0.4.jar!/:6.0.4]
	at org.springframework.context.support.AbstractApplicationContext.finishBeanFactoryInitialization(AbstractApplicationContext.java:905) ~[spring-context-6.0.4.jar!/:6.0.4]
	at org.springframework.context.support.AbstractApplicationContext.refresh(AbstractApplicationContext.java:584) ~[spring-context-6.0.4.jar!/:6.0.4]
	at org.springframework.boot.web.servlet.context.ServletWebServerApplicationContext.refresh(ServletWebServerApplicationContext.java:146) ~[spring-boot-3.0.2.jar!/:3.0.2]
	at org.springframework.boot.SpringApplication.refresh(SpringApplication.java:730) ~[spring-boot-3.0.2.jar!/:3.0.2]
	at org.springframework.boot.SpringApplication.refreshContext(SpringApplication.java:432) ~[spring-boot-3.0.2.jar!/:3.0.2]
	at org.springframework.boot.SpringApplication.run(SpringApplication.java:308) ~[spring-boot-3.0.2.jar!/:3.0.2]
	at org.springframework.boot.SpringApplication.run(SpringApplication.java:1302) ~[spring-boot-3.0.2.jar!/:3.0.2]
	at org.springframework.boot.SpringApplication.run(SpringApplication.java:1291) ~[spring-boot-3.0.2.jar!/:3.0.2]
	at com.javarush.jira.JiraRushApplication.main(JiraRushApplication.java:15) ~[classes!/:1.0]
	at java.base/jdk.internal.reflect.NativeMethodAccessorImpl.invoke0(Native Method) ~[na:na]
	at java.base/jdk.internal.reflect.NativeMethodAccessorImpl.invoke(NativeMethodAccessorImpl.java:77) ~[na:na]
	at java.base/jdk.internal.reflect.DelegatingMethodAccessorImpl.invoke(DelegatingMethodAccessorImpl.java:43) ~[na:na]
	at java.base/java.lang.reflect.Method.invoke(Method.java:568) ~[na:na]
	at org.springframework.boot.loader.MainMethodRunner.run(MainMethodRunner.java:49) ~[jira-1.0.jar:1.0]
	at org.springframework.boot.loader.Launcher.launch(Launcher.java:95) ~[jira-1.0.jar:1.0]
	at org.springframework.boot.loader.Launcher.launch(Launcher.java:58) ~[jira-1.0.jar:1.0]
	at org.springframework.boot.loader.JarLauncher.main(JarLauncher.java:65) ~[jira-1.0.jar:1.0]

2025-08-16T20:36:17.095+03:00 ERROR 15475 --- [           main] com.zaxxer.hikari.pool.HikariPool        : HikariPool-1 - Exception during pool initialization.

org.postgresql.util.PSQLException: FATAL: invalid value for parameter "TimeZone": "Europe/Kiev"
	at org.postgresql.core.v3.QueryExecutorImpl.receiveErrorResponse(QueryExecutorImpl.java:2725) ~[postgresql-42.7.3.jar!/:42.7.3]
	at org.postgresql.core.v3.QueryExecutorImpl.readStartupMessages(QueryExecutorImpl.java:2837) ~[postgresql-42.7.3.jar!/:42.7.3]
	at org.postgresql.core.v3.QueryExecutorImpl.<init>(QueryExecutorImpl.java:175) ~[postgresql-42.7.3.jar!/:42.7.3]
	at org.postgresql.core.v3.ConnectionFactoryImpl.openConnectionImpl(ConnectionFactoryImpl.java:317) ~[postgresql-42.7.3.jar!/:42.7.3]
	at org.postgresql.core.ConnectionFactory.openConnection(ConnectionFactory.java:54) ~[postgresql-42.7.3.jar!/:42.7.3]
	at org.postgresql.jdbc.PgConnection.<init>(PgConnection.java:273) ~[postgresql-42.7.3.jar!/:42.7.3]
	at org.postgresql.Driver.makeConnection(Driver.java:446) ~[postgresql-42.7.3.jar!/:42.7.3]
	at org.postgresql.Driver.connect(Driver.java:298) ~[postgresql-42.7.3.jar!/:42.7.3]
	at com.zaxxer.hikari.util.DriverDataSource.getConnection(DriverDataSource.java:138) ~[HikariCP-5.0.1.jar!/:na]
	at com.zaxxer.hikari.pool.PoolBase.newConnection(PoolBase.java:359) ~[HikariCP-5.0.1.jar!/:na]
	at com.zaxxer.hikari.pool.PoolBase.newPoolEntry(PoolBase.java:201) ~[HikariCP-5.0.1.jar!/:na]
	at com.zaxxer.hikari.pool.HikariPool.createPoolEntry(HikariPool.java:470) ~[HikariCP-5.0.1.jar!/:na]
	at com.zaxxer.hikari.pool.HikariPool.checkFailFast(HikariPool.java:561) ~[HikariCP-5.0.1.jar!/:na]
	at com.zaxxer.hikari.pool.HikariPool.<init>(HikariPool.java:100) ~[HikariCP-5.0.1.jar!/:na]
	at com.zaxxer.hikari.HikariDataSource.getConnection(HikariDataSource.java:112) ~[HikariCP-5.0.1.jar!/:na]
	at liquibase.integration.spring.SpringLiquibase.afterPropertiesSet(SpringLiquibase.java:280) ~[liquibase-core-4.17.2.jar!/:na]
	at org.springframework.beans.factory.support.AbstractAutowireCapableBeanFactory.invokeInitMethods(AbstractAutowireCapableBeanFactory.java:1797) ~[spring-beans-6.0.4.jar!/:6.0.4]
	at org.springframework.beans.factory.support.AbstractAutowireCapableBeanFactory.initializeBean(AbstractAutowireCapableBeanFactory.java:1747) ~[spring-beans-6.0.4.jar!/:6.0.4]
	at org.springframework.beans.factory.support.AbstractAutowireCapableBeanFactory.doCreateBean(AbstractAutowireCapableBeanFactory.java:599) ~[spring-beans-6.0.4.jar!/:6.0.4]
	at org.springframework.beans.factory.support.AbstractAutowireCapableBeanFactory.createBean(AbstractAutowireCapableBeanFactory.java:521) ~[spring-beans-6.0.4.jar!/:6.0.4]
	at org.springframework.beans.factory.support.AbstractBeanFactory.lambda$doGetBean$0(AbstractBeanFactory.java:326) ~[spring-beans-6.0.4.jar!/:6.0.4]
	at org.springframework.beans.factory.support.DefaultSingletonBeanRegistry.getSingleton(DefaultSingletonBeanRegistry.java:234) ~[spring-beans-6.0.4.jar!/:6.0.4]
	at org.springframework.beans.factory.support.AbstractBeanFactory.doGetBean(AbstractBeanFactory.java:324) ~[spring-beans-6.0.4.jar!/:6.0.4]
	at org.springframework.beans.factory.support.AbstractBeanFactory.getBean(AbstractBeanFactory.java:200) ~[spring-beans-6.0.4.jar!/:6.0.4]
	at org.springframework.beans.factory.support.AbstractBeanFactory.doGetBean(AbstractBeanFactory.java:313) ~[spring-beans-6.0.4.jar!/:6.0.4]
	at org.springframework.beans.factory.support.AbstractBeanFactory.getBean(AbstractBeanFactory.java:200) ~[spring-beans-6.0.4.jar!/:6.0.4]
	at org.springframework.context.support.AbstractApplicationContext.getBean(AbstractApplicationContext.java:1130) ~[spring-context-6.0.4.jar!/:6.0.4]
	at org.springframework.context.support.AbstractApplicationContext.finishBeanFactoryInitialization(AbstractApplicationContext.java:905) ~[spring-context-6.0.4.jar!/:6.0.4]
	at org.springframework.context.support.AbstractApplicationContext.refresh(AbstractApplicationContext.java:584) ~[spring-context-6.0.4.jar!/:6.0.4]
	at org.springframework.boot.web.servlet.context.ServletWebServerApplicationContext.refresh(ServletWebServerApplicationContext.java:146) ~[spring-boot-3.0.2.jar!/:3.0.2]
	at org.springframework.boot.SpringApplication.refresh(SpringApplication.java:730) ~[spring-boot-3.0.2.jar!/:3.0.2]
	at org.springframework.boot.SpringApplication.refreshContext(SpringApplication.java:432) ~[spring-boot-3.0.2.jar!/:3.0.2]
	at org.springframework.boot.SpringApplication.run(SpringApplication.java:308) ~[spring-boot-3.0.2.jar!/:3.0.2]
	at org.springframework.boot.SpringApplication.run(SpringApplication.java:1302) ~[spring-boot-3.0.2.jar!/:3.0.2]
	at org.springframework.boot.SpringApplication.run(SpringApplication.java:1291) ~[spring-boot-3.0.2.jar!/:3.0.2]
	at com.javarush.jira.JiraRushApplication.main(JiraRushApplication.java:15) ~[classes!/:1.0]
	at java.base/jdk.internal.reflect.NativeMethodAccessorImpl.invoke0(Native Method) ~[na:na]
	at java.base/jdk.internal.reflect.NativeMethodAccessorImpl.invoke(NativeMethodAccessorImpl.java:77) ~[na:na]
	at java.base/jdk.internal.reflect.DelegatingMethodAccessorImpl.invoke(DelegatingMethodAccessorImpl.java:43) ~[na:na]
	at java.base/java.lang.reflect.Method.invoke(Method.java:568) ~[na:na]
	at org.springframework.boot.loader.MainMethodRunner.run(MainMethodRunner.java:49) ~[jira-1.0.jar:1.0]
	at org.springframework.boot.loader.Launcher.launch(Launcher.java:95) ~[jira-1.0.jar:1.0]
	at org.springframework.boot.loader.Launcher.launch(Launcher.java:58) ~[jira-1.0.jar:1.0]
	at org.springframework.boot.loader.JarLauncher.main(JarLauncher.java:65) ~[jira-1.0.jar:1.0]

2025-08-16T20:36:17.097+03:00  WARN 15475 --- [           main] ConfigServletWebServerApplicationContext : Exception encountered during context initialization - cancelling refresh attempt: org.springframework.beans.factory.BeanCreationException: Error creating bean with name 'liquibase' defined in class path resource [org/springframework/boot/autoconfigure/liquibase/LiquibaseAutoConfiguration$LiquibaseConfiguration.class]: org.postgresql.util.PSQLException: FATAL: invalid value for parameter "TimeZone": "Europe/Kiev"
2025-08-16T20:36:17.101+03:00  INFO 15475 --- [           main] o.apache.catalina.core.StandardService   : Stopping service [Tomcat]
2025-08-16T20:36:17.102+03:00 DEBUG 15475 --- [           main] o.apache.catalina.mapper.MapperListener  : Unregister host [localhost] at domain [null] for service [StandardService[Tomcat]]
2025-08-16T20:36:17.102+03:00 DEBUG 15475 --- [           main] o.apache.catalina.mapper.MapperListener  : Unregister Context [] for service [StandardService[Tomcat]]
2025-08-16T20:36:17.102+03:00 DEBUG 15475 --- [           main] o.apache.catalina.mapper.MapperListener  : Unregister Wrapper [dispatcherServlet] in Context [] for service [StandardService[Tomcat]]
2025-08-16T20:36:17.102+03:00 DEBUG 15475 --- [           main] o.a.c.c.C.[Tomcat].[localhost].[/]       : Stopping filters
2025-08-16T20:36:17.103+03:00 DEBUG 15475 --- [           main] o.a.c.c.C.[Tomcat].[localhost].[/]       :  Stopping filter 'requestContextFilter'
2025-08-16T20:36:17.103+03:00 DEBUG 15475 --- [           main] o.a.c.core.ApplicationFilterConfig       : JMX de-registration complete for filter of type [org.springframework.boot.web.servlet.filter.OrderedRequestContextFilter] and name [requestContextFilter]
2025-08-16T20:36:17.103+03:00 DEBUG 15475 --- [           main] o.a.c.c.C.[Tomcat].[localhost].[/]       :  Stopping filter 'resourceUrlEncodingFilter'
2025-08-16T20:36:17.103+03:00 DEBUG 15475 --- [           main] o.a.c.core.ApplicationFilterConfig       : JMX de-registration complete for filter of type [org.springframework.web.servlet.resource.ResourceUrlEncodingFilter] and name [resourceUrlEncodingFilter]
2025-08-16T20:36:17.103+03:00 DEBUG 15475 --- [           main] o.a.c.c.C.[Tomcat].[localhost].[/]       :  Stopping filter 'Tomcat WebSocket (JSR356) Filter'
2025-08-16T20:36:17.104+03:00 DEBUG 15475 --- [           main] o.a.c.core.ApplicationFilterConfig       : JMX de-registration complete for filter of type [org.apache.tomcat.websocket.server.WsFilter] and name [Tomcat WebSocket (JSR356) Filter]
2025-08-16T20:36:17.104+03:00 DEBUG 15475 --- [           main] o.a.c.c.C.[Tomcat].[localhost].[/]       :  Stopping filter 'forwardedHeaderFilter'
2025-08-16T20:36:17.104+03:00 DEBUG 15475 --- [           main] o.a.c.core.ApplicationFilterConfig       : JMX de-registration complete for filter of type [org.springframework.web.filter.ForwardedHeaderFilter] and name [forwardedHeaderFilter]
2025-08-16T20:36:17.104+03:00 DEBUG 15475 --- [           main] o.a.c.c.C.[Tomcat].[localhost].[/]       :  Stopping filter 'characterEncodingFilter'
2025-08-16T20:36:17.104+03:00 DEBUG 15475 --- [           main] o.a.c.core.ApplicationFilterConfig       : JMX de-registration complete for filter of type [org.springframework.boot.web.servlet.filter.OrderedCharacterEncodingFilter] and name [characterEncodingFilter]
2025-08-16T20:36:17.104+03:00 DEBUG 15475 --- [           main] o.a.c.c.C.[Tomcat].[localhost].[/]       :  Stopping filter 'springSecurityFilterChain'
2025-08-16T20:36:17.104+03:00 DEBUG 15475 --- [           main] o.a.c.core.ApplicationFilterConfig       : JMX de-registration complete for filter of type [org.springframework.boot.web.servlet.DelegatingFilterProxyRegistrationBean$1] and name [springSecurityFilterChain]
2025-08-16T20:36:17.104+03:00 DEBUG 15475 --- [           main] o.a.c.c.C.[Tomcat].[localhost].[/]       :  Stopping filter 'formContentFilter'
2025-08-16T20:36:17.104+03:00 DEBUG 15475 --- [           main] o.a.c.core.ApplicationFilterConfig       : JMX de-registration complete for filter of type [org.springframework.boot.web.servlet.filter.OrderedFormContentFilter] and name [formContentFilter]
2025-08-16T20:36:17.105+03:00 DEBUG 15475 --- [           main] o.a.catalina.session.StandardManager     : Stopping
2025-08-16T20:36:17.105+03:00 DEBUG 15475 --- [           main] o.a.catalina.session.StandardManager     : Unloading persisted sessions
2025-08-16T20:36:17.105+03:00 DEBUG 15475 --- [           main] o.a.catalina.session.StandardManager     : No persisted sessions to unload
2025-08-16T20:36:17.105+03:00 DEBUG 15475 --- [           main] o.apache.catalina.core.StandardContext   : Sending application stop events
2025-08-16T20:36:17.105+03:00 DEBUG 15475 --- [           main] o.apache.catalina.core.StandardContext   : Processing standard container shutdown
2025-08-16T20:36:17.105+03:00 DEBUG 15475 --- [           main] o.apache.catalina.loader.WebappLoader    : Stopping this Loader
2025-08-16T20:36:17.106+03:00 DEBUG 15475 --- [           main] o.a.c.loader.WebappClassLoaderBase       : getResourceAsStream(org/apache/catalina/loader/JdbcLeakPrevention.class)
2025-08-16T20:36:17.106+03:00 DEBUG 15475 --- [           main] o.a.c.loader.WebappClassLoaderBase       :   Delegating to parent classloader org.springframework.boot.loader.LaunchedURLClassLoader@5f375618
2025-08-16T20:36:17.106+03:00 DEBUG 15475 --- [           main] o.a.c.loader.WebappClassLoaderBase       :   --> Returning stream from parent
2025-08-16T20:36:17.108+03:00 DEBUG 15475 --- [           main] o.apache.catalina.core.StandardContext   : resetContext Tomcat:j2eeType=WebModule,name=//localhost/,J2EEApplication=none,J2EEServer=none
2025-08-16T20:36:17.109+03:00 DEBUG 15475 --- [           main] o.apache.catalina.core.StandardContext   : Stopping complete
2025-08-16T20:36:17.132+03:00 DEBUG 15475 --- [           main] .s.b.a.l.ConditionEvaluationReportLogger : 


============================
CONDITIONS EVALUATION REPORT
============================


Positive matches:
-----------------

   AopAutoConfiguration matched:
      - @ConditionalOnProperty (spring.aop.auto=true) matched (OnPropertyCondition)

   AopAutoConfiguration.AspectJAutoProxyingConfiguration matched:
      - @ConditionalOnClass found required class 'org.aspectj.weaver.Advice' (OnClassCondition)

   AopAutoConfiguration.AspectJAutoProxyingConfiguration.CglibAutoProxyConfiguration matched:
      - @ConditionalOnProperty (spring.aop.proxy-target-class=true) matched (OnPropertyCondition)

   CacheAutoConfiguration matched:
      - @ConditionalOnClass found required class 'org.springframework.cache.CacheManager' (OnClassCondition)
      - @ConditionalOnBean (types: org.springframework.cache.interceptor.CacheAspectSupport; SearchStrategy: all) found bean 'cacheInterceptor'; @ConditionalOnMissingBean (names: cacheResolver types: org.springframework.cache.CacheManager; SearchStrategy: all) did not find any beans (OnBeanCondition)

   CacheAutoConfiguration#cacheManagerCustomizers matched:
      - @ConditionalOnMissingBean (types: org.springframework.boot.autoconfigure.cache.CacheManagerCustomizers; SearchStrategy: all) did not find any beans (OnBeanCondition)

   CacheAutoConfiguration.CacheManagerEntityManagerFactoryDependsOnPostProcessor matched:
      - @ConditionalOnClass found required class 'org.springframework.orm.jpa.LocalContainerEntityManagerFactoryBean' (OnClassCondition)
      - @ConditionalOnBean (types: org.springframework.orm.jpa.AbstractEntityManagerFactoryBean; SearchStrategy: all) found bean '&entityManagerFactory' (OnBeanCondition)

   CaffeineCacheConfiguration matched:
      - @ConditionalOnClass found required classes 'com.github.benmanes.caffeine.cache.Caffeine', 'org.springframework.cache.caffeine.CaffeineCacheManager' (OnClassCondition)
      - Cache org.springframework.boot.autoconfigure.cache.CaffeineCacheConfiguration automatic cache type (CacheCondition)
      - @ConditionalOnMissingBean (types: org.springframework.cache.CacheManager; SearchStrategy: all) did not find any beans (OnBeanCondition)

   DataSourceAutoConfiguration matched:
      - @ConditionalOnClass found required classes 'javax.sql.DataSource', 'org.springframework.jdbc.datasource.embedded.EmbeddedDatabaseType' (OnClassCondition)
      - @ConditionalOnMissingBean (types: io.r2dbc.spi.ConnectionFactory; SearchStrategy: all) did not find any beans (OnBeanCondition)

   DataSourceAutoConfiguration.PooledDataSourceConfiguration matched:
      - AnyNestedCondition 1 matched 1 did not; NestedCondition on DataSourceAutoConfiguration.PooledDataSourceCondition.PooledDataSourceAvailable PooledDataSource found supported DataSource; NestedCondition on DataSourceAutoConfiguration.PooledDataSourceCondition.ExplicitType @ConditionalOnProperty (spring.datasource.type) did not find property 'type' (DataSourceAutoConfiguration.PooledDataSourceCondition)
      - @ConditionalOnMissingBean (types: javax.sql.DataSource,javax.sql.XADataSource; SearchStrategy: all) did not find any beans (OnBeanCondition)

   DataSourceConfiguration.Hikari matched:
      - @ConditionalOnClass found required class 'com.zaxxer.hikari.HikariDataSource' (OnClassCondition)
      - @ConditionalOnProperty (spring.datasource.type=com.zaxxer.hikari.HikariDataSource) matched (OnPropertyCondition)
      - @ConditionalOnMissingBean (types: javax.sql.DataSource; SearchStrategy: all) did not find any beans (OnBeanCondition)

   DataSourceJmxConfiguration matched:
      - @ConditionalOnProperty (spring.jmx.enabled=true) matched (OnPropertyCondition)

   DataSourceJmxConfiguration.Hikari matched:
      - @ConditionalOnClass found required class 'com.zaxxer.hikari.HikariDataSource' (OnClassCondition)
      - @ConditionalOnSingleCandidate (types: javax.sql.DataSource; SearchStrategy: all) found a single bean 'dataSource' (OnBeanCondition)

   DataSourcePoolMetadataProvidersConfiguration.HikariPoolDataSourceMetadataProviderConfiguration matched:
      - @ConditionalOnClass found required class 'com.zaxxer.hikari.HikariDataSource' (OnClassCondition)

   DataSourceTransactionManagerAutoConfiguration matched:
      - @ConditionalOnClass found required classes 'org.springframework.jdbc.core.JdbcTemplate', 'org.springframework.transaction.TransactionManager' (OnClassCondition)

   DataSourceTransactionManagerAutoConfiguration.JdbcTransactionManagerConfiguration matched:
      - @ConditionalOnSingleCandidate (types: javax.sql.DataSource; SearchStrategy: all) found a single bean 'dataSource' (OnBeanCondition)

   DispatcherServletAutoConfiguration matched:
      - @ConditionalOnClass found required class 'org.springframework.web.servlet.DispatcherServlet' (OnClassCondition)
      - found 'session' scope (OnWebApplicationCondition)

   DispatcherServletAutoConfiguration.DispatcherServletConfiguration matched:
      - @ConditionalOnClass found required class 'jakarta.servlet.ServletRegistration' (OnClassCondition)
      - Default DispatcherServlet did not find dispatcher servlet beans (DispatcherServletAutoConfiguration.DefaultDispatcherServletCondition)

   DispatcherServletAutoConfiguration.DispatcherServletRegistrationConfiguration matched:
      - @ConditionalOnClass found required class 'jakarta.servlet.ServletRegistration' (OnClassCondition)
      - DispatcherServlet Registration did not find servlet registration bean (DispatcherServletAutoConfiguration.DispatcherServletRegistrationCondition)

   DispatcherServletAutoConfiguration.DispatcherServletRegistrationConfiguration#dispatcherServletRegistration matched:
      - @ConditionalOnBean (names: dispatcherServlet types: org.springframework.web.servlet.DispatcherServlet; SearchStrategy: all) found bean 'dispatcherServlet' (OnBeanCondition)

   EmbeddedWebServerFactoryCustomizerAutoConfiguration matched:
      - @ConditionalOnWebApplication (required) found 'session' scope (OnWebApplicationCondition)

   EmbeddedWebServerFactoryCustomizerAutoConfiguration.TomcatWebServerFactoryCustomizerConfiguration matched:
      - @ConditionalOnClass found required classes 'org.apache.catalina.startup.Tomcat', 'org.apache.coyote.UpgradeProtocol' (OnClassCondition)

   ErrorMvcAutoConfiguration matched:
      - @ConditionalOnClass found required classes 'jakarta.servlet.Servlet', 'org.springframework.web.servlet.DispatcherServlet' (OnClassCondition)
      - found 'session' scope (OnWebApplicationCondition)

   ErrorMvcAutoConfiguration#errorAttributes matched:
      - @ConditionalOnMissingBean (types: org.springframework.boot.web.servlet.error.ErrorAttributes; SearchStrategy: current) did not find any beans (OnBeanCondition)

   ErrorMvcAutoConfiguration.DefaultErrorViewResolverConfiguration#conventionErrorViewResolver matched:
      - @ConditionalOnBean (types: org.springframework.web.servlet.DispatcherServlet; SearchStrategy: all) found bean 'dispatcherServlet'; @ConditionalOnMissingBean (types: org.springframework.boot.autoconfigure.web.servlet.error.ErrorViewResolver; SearchStrategy: all) did not find any beans (OnBeanCondition)

   ErrorMvcAutoConfiguration.WhitelabelErrorViewConfiguration matched:
      - @ConditionalOnProperty (server.error.whitelabel.enabled) matched (OnPropertyCondition)
      - ErrorTemplate Missing did not find error template view (ErrorMvcAutoConfiguration.ErrorTemplateMissingCondition)

   ErrorMvcAutoConfiguration.WhitelabelErrorViewConfiguration#beanNameViewResolver matched:
      - @ConditionalOnMissingBean (types: org.springframework.web.servlet.view.BeanNameViewResolver; SearchStrategy: all) did not find any beans (OnBeanCondition)

   ErrorMvcAutoConfiguration.WhitelabelErrorViewConfiguration#defaultErrorView matched:
      - @ConditionalOnMissingBean (names: error; SearchStrategy: all) did not find any beans (OnBeanCondition)

   HibernateJpaAutoConfiguration matched:
      - @ConditionalOnClass found required classes 'org.springframework.orm.jpa.LocalContainerEntityManagerFactoryBean', 'jakarta.persistence.EntityManager', 'org.hibernate.engine.spi.SessionImplementor' (OnClassCondition)

   HibernateJpaConfiguration matched:
      - @ConditionalOnSingleCandidate (types: javax.sql.DataSource; SearchStrategy: all) found a single bean 'dataSource' (OnBeanCondition)

   HttpEncodingAutoConfiguration matched:
      - @ConditionalOnClass found required class 'org.springframework.web.filter.CharacterEncodingFilter' (OnClassCondition)
      - found 'session' scope (OnWebApplicationCondition)
      - @ConditionalOnProperty (server.servlet.encoding.enabled) matched (OnPropertyCondition)

   HttpEncodingAutoConfiguration#characterEncodingFilter matched:
      - @ConditionalOnMissingBean (types: org.springframework.web.filter.CharacterEncodingFilter; SearchStrategy: all) did not find any beans (OnBeanCondition)

   HttpMessageConvertersAutoConfiguration matched:
      - @ConditionalOnClass found required class 'org.springframework.http.converter.HttpMessageConverter' (OnClassCondition)
      - NoneNestedConditions 0 matched 1 did not; NestedCondition on HttpMessageConvertersAutoConfiguration.NotReactiveWebApplicationCondition.ReactiveWebApplication did not find reactive web application classes (HttpMessageConvertersAutoConfiguration.NotReactiveWebApplicationCondition)

   HttpMessageConvertersAutoConfiguration#messageConverters matched:
      - @ConditionalOnMissingBean (types: org.springframework.boot.autoconfigure.http.HttpMessageConverters; SearchStrategy: all) did not find any beans (OnBeanCondition)

   HttpMessageConvertersAutoConfiguration.StringHttpMessageConverterConfiguration matched:
      - @ConditionalOnClass found required class 'org.springframework.http.converter.StringHttpMessageConverter' (OnClassCondition)

   HttpMessageConvertersAutoConfiguration.StringHttpMessageConverterConfiguration#stringHttpMessageConverter matched:
      - @ConditionalOnMissingBean (types: org.springframework.http.converter.StringHttpMessageConverter; SearchStrategy: all) did not find any beans (OnBeanCondition)

   JacksonAutoConfiguration matched:
      - @ConditionalOnClass found required class 'com.fasterxml.jackson.databind.ObjectMapper' (OnClassCondition)

   JacksonAutoConfiguration.Jackson2ObjectMapperBuilderCustomizerConfiguration matched:
      - @ConditionalOnClass found required class 'org.springframework.http.converter.json.Jackson2ObjectMapperBuilder' (OnClassCondition)

   JacksonAutoConfiguration.JacksonObjectMapperBuilderConfiguration matched:
      - @ConditionalOnClass found required class 'org.springframework.http.converter.json.Jackson2ObjectMapperBuilder' (OnClassCondition)

   JacksonAutoConfiguration.JacksonObjectMapperBuilderConfiguration#jacksonObjectMapperBuilder matched:
      - @ConditionalOnMissingBean (types: org.springframework.http.converter.json.Jackson2ObjectMapperBuilder; SearchStrategy: all) did not find any beans (OnBeanCondition)

   JacksonAutoConfiguration.JacksonObjectMapperConfiguration matched:
      - @ConditionalOnClass found required class 'org.springframework.http.converter.json.Jackson2ObjectMapperBuilder' (OnClassCondition)

   JacksonAutoConfiguration.JacksonObjectMapperConfiguration#jacksonObjectMapper matched:
      - @ConditionalOnMissingBean (types: com.fasterxml.jackson.databind.ObjectMapper; SearchStrategy: all) did not find any beans (OnBeanCondition)

   JacksonAutoConfiguration.ParameterNamesModuleConfiguration matched:
      - @ConditionalOnClass found required class 'com.fasterxml.jackson.module.paramnames.ParameterNamesModule' (OnClassCondition)

   JacksonAutoConfiguration.ParameterNamesModuleConfiguration#parameterNamesModule matched:
      - @ConditionalOnMissingBean (types: com.fasterxml.jackson.module.paramnames.ParameterNamesModule; SearchStrategy: all) did not find any beans (OnBeanCondition)

   JacksonHttpMessageConvertersConfiguration.MappingJackson2HttpMessageConverterConfiguration matched:
      - @ConditionalOnClass found required class 'com.fasterxml.jackson.databind.ObjectMapper' (OnClassCondition)
      - @ConditionalOnProperty (spring.mvc.converters.preferred-json-mapper=jackson) matched (OnPropertyCondition)
      - @ConditionalOnBean (types: com.fasterxml.jackson.databind.ObjectMapper; SearchStrategy: all) found bean 'jacksonObjectMapper' (OnBeanCondition)

   JacksonHttpMessageConvertersConfiguration.MappingJackson2HttpMessageConverterConfiguration#mappingJackson2HttpMessageConverter matched:
      - @ConditionalOnMissingBean (types: org.springframework.http.converter.json.MappingJackson2HttpMessageConverter ignored: org.springframework.hateoas.server.mvc.TypeConstrainedMappingJackson2HttpMessageConverter,org.springframework.data.rest.webmvc.alps.AlpsJsonHttpMessageConverter; SearchStrategy: all) did not find any beans (OnBeanCondition)

   JdbcTemplateAutoConfiguration matched:
      - @ConditionalOnClass found required classes 'javax.sql.DataSource', 'org.springframework.jdbc.core.JdbcTemplate' (OnClassCondition)
      - @ConditionalOnSingleCandidate (types: javax.sql.DataSource; SearchStrategy: all) found a single bean 'dataSource' (OnBeanCondition)

   JdbcTemplateConfiguration matched:
      - @ConditionalOnMissingBean (types: org.springframework.jdbc.core.JdbcOperations; SearchStrategy: all) did not find any beans (OnBeanCondition)

   JpaBaseConfiguration#entityManagerFactory matched:
      - @ConditionalOnMissingBean (types: org.springframework.orm.jpa.LocalContainerEntityManagerFactoryBean,jakarta.persistence.EntityManagerFactory; SearchStrategy: all) did not find any beans (OnBeanCondition)

   JpaBaseConfiguration#entityManagerFactoryBuilder matched:
      - @ConditionalOnMissingBean (types: org.springframework.boot.orm.jpa.EntityManagerFactoryBuilder; SearchStrategy: all) did not find any beans (OnBeanCondition)

   JpaBaseConfiguration#jpaVendorAdapter matched:
      - @ConditionalOnMissingBean (types: org.springframework.orm.jpa.JpaVendorAdapter; SearchStrategy: all) did not find any beans (OnBeanCondition)

   JpaBaseConfiguration#transactionManager matched:
      - @ConditionalOnMissingBean (types: org.springframework.transaction.TransactionManager; SearchStrategy: all) did not find any beans (OnBeanCondition)

   JpaBaseConfiguration.PersistenceManagedTypesConfiguration matched:
      - @ConditionalOnMissingBean (types: org.springframework.orm.jpa.LocalContainerEntityManagerFactoryBean,jakarta.persistence.EntityManagerFactory; SearchStrategy: all) did not find any beans (OnBeanCondition)

   JpaBaseConfiguration.PersistenceManagedTypesConfiguration#persistenceManagedTypes matched:
      - @ConditionalOnMissingBean (types: org.springframework.orm.jpa.persistenceunit.PersistenceManagedTypes; SearchStrategy: all) did not find any beans (OnBeanCondition)

   JpaRepositoriesAutoConfiguration matched:
      - @ConditionalOnClass found required class 'org.springframework.data.jpa.repository.JpaRepository' (OnClassCondition)
      - @ConditionalOnProperty (spring.data.jpa.repositories.enabled=true) matched (OnPropertyCondition)
      - @ConditionalOnBean (types: javax.sql.DataSource; SearchStrategy: all) found bean 'dataSource'; @ConditionalOnMissingBean (types: org.springframework.data.jpa.repository.support.JpaRepositoryFactoryBean,org.springframework.data.jpa.repository.config.JpaRepositoryConfigExtension; SearchStrategy: all) did not find any beans (OnBeanCondition)

   JtaAutoConfiguration matched:
      - @ConditionalOnClass found required class 'jakarta.transaction.Transaction' (OnClassCondition)
      - @ConditionalOnProperty (spring.jta.enabled) matched (OnPropertyCondition)

   LifecycleAutoConfiguration#defaultLifecycleProcessor matched:
      - @ConditionalOnMissingBean (names: lifecycleProcessor; SearchStrategy: current) did not find any beans (OnBeanCondition)

   LiquibaseAutoConfiguration matched:
      - @ConditionalOnClass found required classes 'liquibase.integration.spring.SpringLiquibase', 'liquibase.change.DatabaseChange' (OnClassCondition)
      - @ConditionalOnProperty (spring.liquibase.enabled) matched (OnPropertyCondition)
      - AnyNestedCondition 1 matched 1 did not; NestedCondition on LiquibaseAutoConfiguration.LiquibaseDataSourceCondition.LiquibaseUrlCondition @ConditionalOnProperty (spring.liquibase.url) did not find property 'url'; NestedCondition on LiquibaseAutoConfiguration.LiquibaseDataSourceCondition.DataSourceBeanCondition @ConditionalOnBean (types: javax.sql.DataSource; SearchStrategy: all) found bean 'dataSource' (LiquibaseAutoConfiguration.LiquibaseDataSourceCondition)

   LiquibaseAutoConfiguration.LiquibaseConfiguration matched:
      - @ConditionalOnClass found required class 'org.springframework.jdbc.core.ConnectionCallback' (OnClassCondition)
      - @ConditionalOnMissingBean (types: liquibase.integration.spring.SpringLiquibase; SearchStrategy: all) did not find any beans (OnBeanCondition)

   MailSenderAutoConfiguration matched:
      - @ConditionalOnClass found required classes 'jakarta.mail.internet.MimeMessage', 'jakarta.activation.MimeType', 'org.springframework.mail.MailSender' (OnClassCondition)
      - AnyNestedCondition 1 matched 1 did not; NestedCondition on MailSenderAutoConfiguration.MailSenderCondition.JndiNameProperty @ConditionalOnProperty (spring.mail.jndi-name) did not find property 'jndi-name'; NestedCondition on MailSenderAutoConfiguration.MailSenderCondition.HostProperty @ConditionalOnProperty (spring.mail.host) matched (MailSenderAutoConfiguration.MailSenderCondition)
      - @ConditionalOnMissingBean (types: org.springframework.mail.MailSender; SearchStrategy: all) did not find any beans (OnBeanCondition)

   MailSenderPropertiesConfiguration matched:
      - @ConditionalOnProperty (spring.mail.host) matched (OnPropertyCondition)

   MailSenderPropertiesConfiguration#mailSender matched:
      - @ConditionalOnMissingBean (types: org.springframework.mail.javamail.JavaMailSender; SearchStrategy: all) did not find any beans (OnBeanCondition)

   MultipartAutoConfiguration matched:
      - @ConditionalOnClass found required classes 'jakarta.servlet.Servlet', 'org.springframework.web.multipart.support.StandardServletMultipartResolver', 'jakarta.servlet.MultipartConfigElement' (OnClassCondition)
      - found 'session' scope (OnWebApplicationCondition)
      - @ConditionalOnProperty (spring.servlet.multipart.enabled) matched (OnPropertyCondition)

   MultipartAutoConfiguration#multipartConfigElement matched:
      - @ConditionalOnMissingBean (types: jakarta.servlet.MultipartConfigElement; SearchStrategy: all) did not find any beans (OnBeanCondition)

   MultipartAutoConfiguration#multipartResolver matched:
      - @ConditionalOnMissingBean (types: org.springframework.web.multipart.MultipartResolver; SearchStrategy: all) did not find any beans (OnBeanCondition)

   MultipleOpenApiSupportConfiguration matched:
      - found 'session' scope (OnWebApplicationCondition)
      - @ConditionalOnProperty (springdoc.api-docs.enabled) matched (OnPropertyCondition)
      - AnyNestedCondition 1 matched 1 did not; NestedCondition on MultipleOpenApiSupportCondition.OnActuatorDifferentPort @ConditionalOnProperty (springdoc.show-actuator) did not find property 'springdoc.show-actuator'; NestedCondition on MultipleOpenApiSupportCondition.OnMultipleOpenApiSupportCondition AnyNestedCondition 1 matched 1 did not; NestedCondition on MultipleOpenApiGroupsCondition.OnGroupConfigProperty @ConditionalOnProperty (springdoc.group-configs[0].group) did not find property 'springdoc.group-configs[0].group'; NestedCondition on MultipleOpenApiGroupsCondition.OnGroupedOpenApiBean @ConditionalOnBean (types: org.springdoc.core.models.GroupedOpenApi; SearchStrategy: all) found bean 'api' (MultipleOpenApiSupportCondition)

   MultipleOpenApiSupportConfiguration#multipleOpenApiResource matched:
      - @ConditionalOnProperty (springdoc.use-management-port=false) matched (OnPropertyCondition)
      - @ConditionalOnMissingBean (types: org.springdoc.webmvc.api.MultipleOpenApiWebMvcResource; SearchStrategy: all) did not find any beans (OnBeanCondition)

   NamedParameterJdbcTemplateConfiguration matched:
      - @ConditionalOnSingleCandidate (types: org.springframework.jdbc.core.JdbcTemplate; SearchStrategy: all) found a single bean 'jdbcTemplate'; @ConditionalOnMissingBean (types: org.springframework.jdbc.core.namedparam.NamedParameterJdbcOperations; SearchStrategy: all) did not find any beans (OnBeanCondition)

   PersistenceExceptionTranslationAutoConfiguration matched:
      - @ConditionalOnClass found required class 'org.springframework.dao.annotation.PersistenceExceptionTranslationPostProcessor' (OnClassCondition)

   PersistenceExceptionTranslationAutoConfiguration#persistenceExceptionTranslationPostProcessor matched:
      - @ConditionalOnProperty (spring.dao.exceptiontranslation.enabled) matched (OnPropertyCondition)
      - @ConditionalOnMissingBean (types: org.springframework.dao.annotation.PersistenceExceptionTranslationPostProcessor; SearchStrategy: all) did not find any beans (OnBeanCondition)

   PropertyPlaceholderAutoConfiguration#propertySourcesPlaceholderConfigurer matched:
      - @ConditionalOnMissingBean (types: org.springframework.context.support.PropertySourcesPlaceholderConfigurer; SearchStrategy: current) did not find any beans (OnBeanCondition)

   RestTemplateAutoConfiguration matched:
      - @ConditionalOnClass found required class 'org.springframework.web.client.RestTemplate' (OnClassCondition)
      - NoneNestedConditions 0 matched 1 did not; NestedCondition on RestTemplateAutoConfiguration.NotReactiveWebApplicationCondition.ReactiveWebApplication did not find reactive web application classes (RestTemplateAutoConfiguration.NotReactiveWebApplicationCondition)

   RestTemplateAutoConfiguration#restTemplateBuilder matched:
      - @ConditionalOnMissingBean (types: org.springframework.boot.web.client.RestTemplateBuilder; SearchStrategy: all) did not find any beans (OnBeanCondition)

   RestTemplateAutoConfiguration#restTemplateBuilderConfigurer matched:
      - @ConditionalOnMissingBean (types: org.springframework.boot.autoconfigure.web.client.RestTemplateBuilderConfigurer; SearchStrategy: all) did not find any beans (OnBeanCondition)

   SecurityAutoConfiguration matched:
      - @ConditionalOnClass found required class 'org.springframework.security.authentication.DefaultAuthenticationEventPublisher' (OnClassCondition)

   SecurityAutoConfiguration#authenticationEventPublisher matched:
      - @ConditionalOnMissingBean (types: org.springframework.security.authentication.AuthenticationEventPublisher; SearchStrategy: all) did not find any beans (OnBeanCondition)

   SecurityFilterAutoConfiguration matched:
      - @ConditionalOnClass found required classes 'org.springframework.security.web.context.AbstractSecurityWebApplicationInitializer', 'org.springframework.security.config.http.SessionCreationPolicy' (OnClassCondition)
      - found 'session' scope (OnWebApplicationCondition)

   SecurityFilterAutoConfiguration#securityFilterChainRegistration matched:
      - @ConditionalOnBean (names: springSecurityFilterChain; SearchStrategy: all) found bean 'springSecurityFilterChain' (OnBeanCondition)

   ServletWebServerFactoryAutoConfiguration matched:
      - @ConditionalOnClass found required class 'jakarta.servlet.ServletRequest' (OnClassCondition)
      - found 'session' scope (OnWebApplicationCondition)

   ServletWebServerFactoryAutoConfiguration#tomcatServletWebServerFactoryCustomizer matched:
      - @ConditionalOnClass found required class 'org.apache.catalina.startup.Tomcat' (OnClassCondition)

   ServletWebServerFactoryConfiguration.EmbeddedTomcat matched:
      - @ConditionalOnClass found required classes 'jakarta.servlet.Servlet', 'org.apache.catalina.startup.Tomcat', 'org.apache.coyote.UpgradeProtocol' (OnClassCondition)
      - @ConditionalOnMissingBean (types: org.springframework.boot.web.servlet.server.ServletWebServerFactory; SearchStrategy: current) did not find any beans (OnBeanCondition)

   SpringBootWebSecurityConfiguration matched:
      - found 'session' scope (OnWebApplicationCondition)

   SpringDataWebAutoConfiguration matched:
      - @ConditionalOnClass found required classes 'org.springframework.data.web.PageableHandlerMethodArgumentResolver', 'org.springframework.web.servlet.config.annotation.WebMvcConfigurer' (OnClassCondition)
      - found 'session' scope (OnWebApplicationCondition)
      - @ConditionalOnMissingBean (types: org.springframework.data.web.PageableHandlerMethodArgumentResolver; SearchStrategy: all) did not find any beans (OnBeanCondition)

   SpringDataWebAutoConfiguration#pageableCustomizer matched:
      - @ConditionalOnMissingBean (types: org.springframework.data.web.config.PageableHandlerMethodArgumentResolverCustomizer; SearchStrategy: all) did not find any beans (OnBeanCondition)

   SpringDataWebAutoConfiguration#sortCustomizer matched:
      - @ConditionalOnMissingBean (types: org.springframework.data.web.config.SortHandlerMethodArgumentResolverCustomizer; SearchStrategy: all) did not find any beans (OnBeanCondition)

   SpringDocConfigProperties matched:
      - @ConditionalOnProperty (springdoc.api-docs.enabled) matched (OnPropertyCondition)
      - @ConditionalOnBean (types: org.springdoc.core.configuration.SpringDocConfiguration; SearchStrategy: all) found bean 'org.springdoc.core.configuration.SpringDocConfiguration' (OnBeanCondition)

   SpringDocConfiguration matched:
      - @ConditionalOnWebApplication (required) found 'session' scope (OnWebApplicationCondition)
      - @ConditionalOnProperty (springdoc.api-docs.enabled) matched (OnPropertyCondition)

   SpringDocConfiguration#fileSupportConverter matched:
      - @ConditionalOnMissingBean (types: org.springdoc.core.converters.FileSupportConverter; SearchStrategy: all) did not find any beans (OnBeanCondition)

   SpringDocConfiguration#objectMapperProvider matched:
      - @ConditionalOnMissingBean (types: org.springdoc.core.providers.ObjectMapperProvider; SearchStrategy: all) did not find any beans (OnBeanCondition)

   SpringDocConfiguration#openAPIBuilder matched:
      - @ConditionalOnMissingBean (types: org.springdoc.core.service.OpenAPIService; SearchStrategy: all) did not find any beans (OnBeanCondition)

   SpringDocConfiguration#operationBuilder matched:
      - @ConditionalOnMissingBean (types: org.springdoc.core.service.OperationService; SearchStrategy: all) did not find any beans (OnBeanCondition)

   SpringDocConfiguration#parameterBuilder matched:
      - @ConditionalOnMissingBean (types: org.springdoc.core.service.GenericParameterService; SearchStrategy: all) did not find any beans (OnBeanCondition)

   SpringDocConfiguration#polymorphicModelConverter matched:
      - @ConditionalOnProperty (springdoc.model-converters.polymorphic-converter.enabled) matched (OnPropertyCondition)
      - @ConditionalOnMissingBean (types: org.springdoc.core.converters.PolymorphicModelConverter; SearchStrategy: all) did not find any beans (OnBeanCondition)

   SpringDocConfiguration#requestBodyBuilder matched:
      - @ConditionalOnMissingBean (types: org.springdoc.core.service.RequestBodyService; SearchStrategy: all) did not find any beans (OnBeanCondition)

   SpringDocConfiguration#responseSupportConverter matched:
      - @ConditionalOnMissingBean (types: org.springdoc.core.converters.ResponseSupportConverter; SearchStrategy: all) did not find any beans (OnBeanCondition)

   SpringDocConfiguration#schemaPropertyDeprecatingConverter matched:
      - @ConditionalOnProperty (springdoc.model-converters.deprecating-converter.enabled) matched (OnPropertyCondition)
      - @ConditionalOnMissingBean (types: org.springdoc.core.converters.SchemaPropertyDeprecatingConverter; SearchStrategy: all) did not find any beans (OnBeanCondition)

   SpringDocConfiguration#securityParser matched:
      - @ConditionalOnMissingBean (types: org.springdoc.core.service.SecurityService; SearchStrategy: all) did not find any beans (OnBeanCondition)

   SpringDocConfiguration#springDocProviders matched:
      - @ConditionalOnMissingBean (types: org.springdoc.core.providers.SpringDocProviders; SearchStrategy: all) did not find any beans (OnBeanCondition)

   SpringDocConfiguration#springdocBeanFactoryPostProcessor matched:
      - @ConditionalOnClass found required class 'org.springframework.boot.context.properties.bind.BindResult' (OnClassCondition)
      - AnyNestedCondition 1 matched 1 did not; NestedCondition on CacheOrGroupedOpenApiCondition.OnCacheDisabled found non-matching nested conditions @ConditionalOnProperty (springdoc.cache.disabled) did not find property 'springdoc.cache.disabled', @ConditionalOnMissingBean (types: org.springdoc.core.models.GroupedOpenApi; SearchStrategy: all) found beans of type 'org.springdoc.core.models.GroupedOpenApi' api; NestedCondition on CacheOrGroupedOpenApiCondition.OnMultipleOpenApiSupportCondition AnyNestedCondition 1 matched 1 did not; NestedCondition on MultipleOpenApiSupportCondition.OnActuatorDifferentPort @ConditionalOnProperty (springdoc.show-actuator) did not find property 'springdoc.show-actuator'; NestedCondition on MultipleOpenApiSupportCondition.OnMultipleOpenApiSupportCondition AnyNestedCondition 1 matched 1 did not; NestedCondition on MultipleOpenApiGroupsCondition.OnGroupConfigProperty @ConditionalOnProperty (springdoc.group-configs[0].group) did not find property 'springdoc.group-configs[0].group'; NestedCondition on MultipleOpenApiGroupsCondition.OnGroupedOpenApiBean @ConditionalOnBean (types: org.springdoc.core.models.GroupedOpenApi; SearchStrategy: all) found bean 'api' (CacheOrGroupedOpenApiCondition)

   SpringDocConfiguration.SpringDocSpringDataWebPropertiesProvider matched:
      - @ConditionalOnClass found required class 'org.springframework.boot.autoconfigure.data.web.SpringDataWebProperties' (OnClassCondition)

   SpringDocConfiguration.SpringDocSpringDataWebPropertiesProvider#springDataWebPropertiesProvider matched:
      - @ConditionalOnMissingBean (types: org.springdoc.core.providers.SpringDataWebPropertiesProvider; SearchStrategy: all) did not find any beans (OnBeanCondition)

   SpringDocConfiguration.WebConversionServiceConfiguration matched:
      - @ConditionalOnClass found required class 'org.springframework.boot.autoconfigure.web.format.WebConversionService' (OnClassCondition)

   SpringDocPageableConfiguration matched:
      - @ConditionalOnClass found required class 'org.springframework.data.domain.Pageable' (OnClassCondition)
      - @ConditionalOnWebApplication (required) found 'session' scope (OnWebApplicationCondition)
      - @ConditionalOnProperty (springdoc.api-docs.enabled) matched (OnPropertyCondition)
      - @ConditionalOnBean (types: org.springdoc.core.configuration.SpringDocConfiguration; SearchStrategy: all) found bean 'org.springdoc.core.configuration.SpringDocConfiguration' (OnBeanCondition)

   SpringDocPageableConfiguration#delegatingMethodParameterCustomizer matched:
      - @ConditionalOnMissingBean (types: org.springdoc.core.customizers.DelegatingMethodParameterCustomizer; SearchStrategy: all) did not find any beans (OnBeanCondition)

   SpringDocPageableConfiguration#pageableOpenAPIConverter matched:
      - @ConditionalOnProperty (springdoc.model-converters.pageable-converter.enabled) matched (OnPropertyCondition)
      - @ConditionalOnMissingBean (types: org.springdoc.core.converters.PageableOpenAPIConverter; SearchStrategy: all) did not find any beans (OnBeanCondition)

   SpringDocSecurityConfiguration matched:
      - @ConditionalOnClass found required class 'org.springframework.security.core.Authentication' (OnClassCondition)
      - @ConditionalOnWebApplication (required) found 'session' scope (OnWebApplicationCondition)
      - @ConditionalOnExpression (#{${springdoc.api-docs.enabled:true} and ${springdoc.enable-spring-security:true}}) resulted in true (OnExpressionCondition)
      - @ConditionalOnBean (types: org.springdoc.core.configuration.SpringDocConfiguration; SearchStrategy: all) found bean 'org.springdoc.core.configuration.SpringDocConfiguration' (OnBeanCondition)

   SpringDocSecurityConfiguration.SpringSecurityLoginEndpointConfiguration matched:
      - @ConditionalOnClass found required class 'jakarta.servlet.Filter' (OnClassCondition)

   SpringDocSortConfiguration matched:
      - @ConditionalOnClass found required class 'org.springframework.data.domain.Sort' (OnClassCondition)
      - @ConditionalOnWebApplication (required) found 'session' scope (OnWebApplicationCondition)
      - @ConditionalOnProperty (springdoc.api-docs.enabled) matched (OnPropertyCondition)
      - @ConditionalOnBean (types: org.springdoc.core.configuration.SpringDocConfiguration; SearchStrategy: all) found bean 'org.springdoc.core.configuration.SpringDocConfiguration' (OnBeanCondition)

   SpringDocSortConfiguration#sortOpenAPIConverter matched:
      - @ConditionalOnProperty (springdoc.model-converters.sort-converter.enabled) matched (OnPropertyCondition)
      - @ConditionalOnMissingBean (types: org.springdoc.core.converters.SortOpenAPIConverter; SearchStrategy: all) did not find any beans (OnBeanCondition)

   SpringDocWebMvcConfiguration matched:
      - found 'session' scope (OnWebApplicationCondition)
      - @ConditionalOnProperty (springdoc.api-docs.enabled) matched (OnPropertyCondition)
      - @ConditionalOnBean (types: org.springdoc.core.configuration.SpringDocConfiguration; SearchStrategy: all) found bean 'org.springdoc.core.configuration.SpringDocConfiguration' (OnBeanCondition)

   SpringDocWebMvcConfiguration#openApiResource matched:
      - @ConditionalOnProperty (springdoc.use-management-port=false) matched (OnPropertyCondition)
      - @ConditionalOnMissingBean (types: org.springdoc.webmvc.api.OpenApiWebMvcResource; SearchStrategy: all) did not find any beans (OnBeanCondition)

   SpringDocWebMvcConfiguration#requestBuilder matched:
      - @ConditionalOnMissingBean (types: org.springdoc.webmvc.core.service.RequestService; SearchStrategy: all) did not find any beans (OnBeanCondition)

   SpringDocWebMvcConfiguration#responseBuilder matched:
      - @ConditionalOnMissingBean (types: org.springdoc.core.service.GenericResponseService; SearchStrategy: all) did not find any beans (OnBeanCondition)

   SpringDocWebMvcConfiguration#springWebProvider matched:
      - @ConditionalOnMissingBean (types: org.springdoc.core.providers.SpringWebProvider; SearchStrategy: all) did not find any beans (OnBeanCondition)

   SpringDocWebMvcConfiguration.SpringDocWebMvcRouterConfiguration matched:
      - @ConditionalOnClass found required class 'org.springframework.web.servlet.function.RouterFunction' (OnClassCondition)

   SpringDocWebMvcConfiguration.SpringDocWebMvcRouterConfiguration#routerFunctionProvider matched:
      - @ConditionalOnMissingBean (types: org.springdoc.webmvc.core.providers.RouterFunctionWebMvcProvider; SearchStrategy: all) did not find any beans (OnBeanCondition)

   SwaggerConfig matched:
      - found 'session' scope (OnWebApplicationCondition)
      - @ConditionalOnProperty (springdoc.swagger-ui.enabled) matched (OnPropertyCondition)
      - @ConditionalOnBean (types: org.springdoc.core.configuration.SpringDocConfiguration; SearchStrategy: all) found bean 'org.springdoc.core.configuration.SpringDocConfiguration' (OnBeanCondition)

   SwaggerConfig#indexPageTransformer matched:
      - @ConditionalOnMissingBean (types: org.springdoc.webmvc.ui.SwaggerIndexTransformer; SearchStrategy: all) did not find any beans (OnBeanCondition)

   SwaggerConfig#swaggerConfigResource matched:
      - @ConditionalOnProperty (springdoc.use-management-port=false) matched (OnPropertyCondition)
      - @ConditionalOnMissingBean (types: org.springdoc.webmvc.ui.SwaggerConfigResource; SearchStrategy: all) did not find any beans (OnBeanCondition)

   SwaggerConfig#swaggerWebMvcConfigurer matched:
      - @ConditionalOnMissingBean (types: org.springdoc.webmvc.ui.SwaggerWebMvcConfigurer; SearchStrategy: all) did not find any beans (OnBeanCondition)

   SwaggerConfig#swaggerWelcome matched:
      - @ConditionalOnProperty (springdoc.use-management-port=false) matched (OnPropertyCondition)
      - @ConditionalOnMissingBean (types: org.springdoc.webmvc.ui.SwaggerWelcomeWebMvc; SearchStrategy: all) did not find any beans (OnBeanCondition)

   SwaggerUiConfigParameters matched:
      - @ConditionalOnProperty (springdoc.swagger-ui.enabled) matched (OnPropertyCondition)
      - @ConditionalOnBean (types: org.springdoc.core.configuration.SpringDocConfiguration; SearchStrategy: all) found bean 'org.springdoc.core.configuration.SpringDocConfiguration' (OnBeanCondition)

   SwaggerUiConfigProperties matched:
      - @ConditionalOnProperty (springdoc.swagger-ui.enabled) matched (OnPropertyCondition)
      - @ConditionalOnBean (types: org.springdoc.core.configuration.SpringDocConfiguration; SearchStrategy: all) found bean 'org.springdoc.core.configuration.SpringDocConfiguration' (OnBeanCondition)

   SwaggerUiOAuthProperties matched:
      - @ConditionalOnProperty (springdoc.swagger-ui.enabled) matched (OnPropertyCondition)
      - @ConditionalOnBean (types: org.springdoc.core.configuration.SpringDocConfiguration; SearchStrategy: all) found bean 'org.springdoc.core.configuration.SpringDocConfiguration' (OnBeanCondition)

   TaskExecutionAutoConfiguration matched:
      - @ConditionalOnClass found required class 'org.springframework.scheduling.concurrent.ThreadPoolTaskExecutor' (OnClassCondition)

   TaskExecutionAutoConfiguration#taskExecutorBuilder matched:
      - @ConditionalOnMissingBean (types: org.springframework.boot.task.TaskExecutorBuilder; SearchStrategy: all) did not find any beans (OnBeanCondition)

   TaskSchedulingAutoConfiguration matched:
      - @ConditionalOnClass found required class 'org.springframework.scheduling.concurrent.ThreadPoolTaskScheduler' (OnClassCondition)

   TaskSchedulingAutoConfiguration#scheduledBeanLazyInitializationExcludeFilter matched:
      - @ConditionalOnBean (names: org.springframework.context.annotation.internalScheduledAnnotationProcessor; SearchStrategy: all) found bean 'org.springframework.context.annotation.internalScheduledAnnotationProcessor' (OnBeanCondition)

   TaskSchedulingAutoConfiguration#taskScheduler matched:
      - @ConditionalOnBean (names: org.springframework.context.annotation.internalScheduledAnnotationProcessor; SearchStrategy: all) found bean 'org.springframework.context.annotation.internalScheduledAnnotationProcessor'; @ConditionalOnMissingBean (types: org.springframework.scheduling.annotation.SchedulingConfigurer,org.springframework.scheduling.TaskScheduler,java.util.concurrent.ScheduledExecutorService; SearchStrategy: all) did not find any beans (OnBeanCondition)

   TaskSchedulingAutoConfiguration#taskSchedulerBuilder matched:
      - @ConditionalOnMissingBean (types: org.springframework.boot.task.TaskSchedulerBuilder; SearchStrategy: all) did not find any beans (OnBeanCondition)

   ThymeleafAutoConfiguration matched:
      - @ConditionalOnClass found required classes 'org.thymeleaf.templatemode.TemplateMode', 'org.thymeleaf.spring6.SpringTemplateEngine' (OnClassCondition)

   ThymeleafAutoConfiguration.DefaultTemplateResolverConfiguration matched:
      - @ConditionalOnMissingBean (names: defaultTemplateResolver; SearchStrategy: all) did not find any beans (OnBeanCondition)

   ThymeleafAutoConfiguration.ThymeleafWebMvcConfiguration matched:
      - found 'session' scope (OnWebApplicationCondition)
      - @ConditionalOnProperty (spring.thymeleaf.enabled) matched (OnPropertyCondition)

   ThymeleafAutoConfiguration.ThymeleafWebMvcConfiguration#resourceUrlEncodingFilter matched:
      - @ConditionalOnEnabledResourceChain found class org.webjars.WebJarAssetLocator (OnEnabledResourceChainCondition)
      - @ConditionalOnMissingBean (types: org.springframework.web.servlet.resource.ResourceUrlEncodingFilter; SearchStrategy: all) did not find any beans (OnBeanCondition)

   ThymeleafAutoConfiguration.ThymeleafWebMvcConfiguration.ThymeleafViewResolverConfiguration#thymeleafViewResolver matched:
      - @ConditionalOnMissingBean (names: thymeleafViewResolver; SearchStrategy: all) did not find any beans (OnBeanCondition)

   TransactionAutoConfiguration matched:
      - @ConditionalOnClass found required class 'org.springframework.transaction.PlatformTransactionManager' (OnClassCondition)

   TransactionAutoConfiguration#platformTransactionManagerCustomizers matched:
      - @ConditionalOnMissingBean (types: org.springframework.boot.autoconfigure.transaction.TransactionManagerCustomizers; SearchStrategy: all) did not find any beans (OnBeanCondition)

   TransactionAutoConfiguration.EnableTransactionManagementConfiguration matched:
      - @ConditionalOnBean (types: org.springframework.transaction.TransactionManager; SearchStrategy: all) found bean 'transactionManager'; @ConditionalOnMissingBean (types: org.springframework.transaction.annotation.AbstractTransactionManagementConfiguration; SearchStrategy: all) did not find any beans (OnBeanCondition)

   TransactionAutoConfiguration.EnableTransactionManagementConfiguration.CglibAutoProxyConfiguration matched:
      - @ConditionalOnProperty (spring.aop.proxy-target-class=true) matched (OnPropertyCondition)

   TransactionAutoConfiguration.TransactionTemplateConfiguration matched:
      - @ConditionalOnSingleCandidate (types: org.springframework.transaction.PlatformTransactionManager; SearchStrategy: all) found a single bean 'transactionManager' (OnBeanCondition)

   TransactionAutoConfiguration.TransactionTemplateConfiguration#transactionTemplate matched:
      - @ConditionalOnMissingBean (types: org.springframework.transaction.support.TransactionOperations; SearchStrategy: all) did not find any beans (OnBeanCondition)

   ValidationAutoConfiguration matched:
      - @ConditionalOnClass found required class 'jakarta.validation.executable.ExecutableValidator' (OnClassCondition)
      - @ConditionalOnResource found location classpath:META-INF/services/jakarta.validation.spi.ValidationProvider (OnResourceCondition)

   ValidationAutoConfiguration#defaultValidator matched:
      - @ConditionalOnMissingBean (types: jakarta.validation.Validator; SearchStrategy: all) did not find any beans (OnBeanCondition)

   ValidationAutoConfiguration#methodValidationPostProcessor matched:
      - @ConditionalOnMissingBean (types: org.springframework.validation.beanvalidation.MethodValidationPostProcessor; SearchStrategy: current) did not find any beans (OnBeanCondition)

   WebMvcAutoConfiguration matched:
      - @ConditionalOnClass found required classes 'jakarta.servlet.Servlet', 'org.springframework.web.servlet.DispatcherServlet', 'org.springframework.web.servlet.config.annotation.WebMvcConfigurer' (OnClassCondition)
      - found 'session' scope (OnWebApplicationCondition)
      - @ConditionalOnMissingBean (types: org.springframework.web.servlet.config.annotation.WebMvcConfigurationSupport; SearchStrategy: all) did not find any beans (OnBeanCondition)

   WebMvcAutoConfiguration#formContentFilter matched:
      - @ConditionalOnProperty (spring.mvc.formcontent.filter.enabled) matched (OnPropertyCondition)
      - @ConditionalOnMissingBean (types: org.springframework.web.filter.FormContentFilter; SearchStrategy: all) did not find any beans (OnBeanCondition)

   WebMvcAutoConfiguration.EnableWebMvcConfiguration#flashMapManager matched:
      - @ConditionalOnMissingBean (names: flashMapManager; SearchStrategy: all) did not find any beans (OnBeanCondition)

   WebMvcAutoConfiguration.EnableWebMvcConfiguration#localeResolver matched:
      - @ConditionalOnMissingBean (names: localeResolver; SearchStrategy: all) did not find any beans (OnBeanCondition)

   WebMvcAutoConfiguration.EnableWebMvcConfiguration#themeResolver matched:
      - @ConditionalOnMissingBean (names: themeResolver; SearchStrategy: all) did not find any beans (OnBeanCondition)

   WebMvcAutoConfiguration.ResourceChainCustomizerConfiguration matched:
      - @ConditionalOnEnabledResourceChain found class org.webjars.WebJarAssetLocator (OnEnabledResourceChainCondition)

   WebMvcAutoConfiguration.WebMvcAutoConfigurationAdapter#defaultViewResolver matched:
      - @ConditionalOnMissingBean (types: org.springframework.web.servlet.view.InternalResourceViewResolver; SearchStrategy: all) did not find any beans (OnBeanCondition)

   WebMvcAutoConfiguration.WebMvcAutoConfigurationAdapter#requestContextFilter matched:
      - @ConditionalOnMissingBean (types: org.springframework.web.context.request.RequestContextListener,org.springframework.web.filter.RequestContextFilter; SearchStrategy: all) did not find any beans (OnBeanCondition)

   WebMvcAutoConfiguration.WebMvcAutoConfigurationAdapter#viewResolver matched:
      - @ConditionalOnBean (types: org.springframework.web.servlet.ViewResolver; SearchStrategy: all) found beans 'defaultViewResolver', 'beanNameViewResolver', 'mvcViewResolver'; @ConditionalOnMissingBean (names: viewResolver types: org.springframework.web.servlet.view.ContentNegotiatingViewResolver; SearchStrategy: all) did not find any beans (OnBeanCondition)

   WebSocketServletAutoConfiguration matched:
      - @ConditionalOnClass found required classes 'jakarta.servlet.Servlet', 'jakarta.websocket.server.ServerContainer' (OnClassCondition)
      - found 'session' scope (OnWebApplicationCondition)

   WebSocketServletAutoConfiguration.TomcatWebSocketConfiguration matched:
      - @ConditionalOnClass found required classes 'org.apache.catalina.startup.Tomcat', 'org.apache.tomcat.websocket.server.WsSci' (OnClassCondition)

   WebSocketServletAutoConfiguration.TomcatWebSocketConfiguration#websocketServletWebServerCustomizer matched:
      - @ConditionalOnMissingBean (names: websocketServletWebServerCustomizer; SearchStrategy: all) did not find any beans (OnBeanCondition)


Negative matches:
-----------------

   AopAutoConfiguration.AspectJAutoProxyingConfiguration.JdkDynamicAutoProxyConfiguration:
      Did not match:
         - @ConditionalOnProperty (spring.aop.proxy-target-class=false) did not find property 'proxy-target-class' (OnPropertyCondition)

   AopAutoConfiguration.ClassProxyingConfiguration:
      Did not match:
         - @ConditionalOnMissingClass found unwanted class 'org.aspectj.weaver.Advice' (OnClassCondition)

   ArtemisAutoConfiguration:
      Did not match:
         - @ConditionalOnClass did not find required class 'jakarta.jms.ConnectionFactory' (OnClassCondition)

   BatchAutoConfiguration:
      Did not match:
         - @ConditionalOnClass did not find required class 'org.springframework.batch.core.launch.JobLauncher' (OnClassCondition)

   Cache2kCacheConfiguration:
      Did not match:
         - @ConditionalOnClass did not find required class 'org.cache2k.Cache2kBuilder' (OnClassCondition)

   CassandraAutoConfiguration:
      Did not match:
         - @ConditionalOnClass did not find required class 'com.datastax.oss.driver.api.core.CqlSession' (OnClassCondition)

   CassandraDataAutoConfiguration:
      Did not match:
         - @ConditionalOnClass did not find required class 'com.datastax.oss.driver.api.core.CqlSession' (OnClassCondition)

   CassandraReactiveDataAutoConfiguration:
      Did not match:
         - @ConditionalOnClass did not find required class 'com.datastax.oss.driver.api.core.CqlSession' (OnClassCondition)

   CassandraReactiveRepositoriesAutoConfiguration:
      Did not match:
         - @ConditionalOnClass did not find required class 'org.springframework.data.cassandra.ReactiveSession' (OnClassCondition)

   CassandraRepositoriesAutoConfiguration:
      Did not match:
         - @ConditionalOnClass did not find required class 'com.datastax.oss.driver.api.core.CqlSession' (OnClassCondition)

   ClientHttpConnectorAutoConfiguration:
      Did not match:
         - @ConditionalOnClass did not find required class 'org.springframework.web.reactive.function.client.WebClient' (OnClassCondition)

   CodecsAutoConfiguration:
      Did not match:
         - @ConditionalOnClass did not find required class 'org.springframework.web.reactive.function.client.WebClient' (OnClassCondition)

   CouchbaseAutoConfiguration:
      Did not match:
         - @ConditionalOnClass did not find required class 'com.couchbase.client.java.Cluster' (OnClassCondition)

   CouchbaseCacheConfiguration:
      Did not match:
         - @ConditionalOnClass did not find required class 'com.couchbase.client.java.Cluster' (OnClassCondition)

   CouchbaseDataAutoConfiguration:
      Did not match:
         - @ConditionalOnClass did not find required class 'com.couchbase.client.java.Bucket' (OnClassCondition)

   CouchbaseReactiveDataAutoConfiguration:
      Did not match:
         - @ConditionalOnClass did not find required class 'com.couchbase.client.java.Cluster' (OnClassCondition)

   CouchbaseReactiveRepositoriesAutoConfiguration:
      Did not match:
         - @ConditionalOnClass did not find required class 'com.couchbase.client.java.Cluster' (OnClassCondition)

   CouchbaseRepositoriesAutoConfiguration:
      Did not match:
         - @ConditionalOnClass did not find required class 'com.couchbase.client.java.Bucket' (OnClassCondition)

   DataSourceAutoConfiguration.EmbeddedDatabaseConfiguration:
      Did not match:
         - EmbeddedDataSource spring.datasource.url is set (DataSourceAutoConfiguration.EmbeddedDatabaseCondition)

   DataSourceConfiguration.Dbcp2:
      Did not match:
         - @ConditionalOnClass did not find required class 'org.apache.commons.dbcp2.BasicDataSource' (OnClassCondition)

   DataSourceConfiguration.Generic:
      Did not match:
         - @ConditionalOnProperty (spring.datasource.type) did not find property 'spring.datasource.type' (OnPropertyCondition)

   DataSourceConfiguration.OracleUcp:
      Did not match:
         - @ConditionalOnClass did not find required classes 'oracle.ucp.jdbc.PoolDataSourceImpl', 'oracle.jdbc.OracleConnection' (OnClassCondition)

   DataSourceConfiguration.Tomcat:
      Did not match:
         - @ConditionalOnClass did not find required class 'org.apache.tomcat.jdbc.pool.DataSource' (OnClassCondition)

   DataSourceJmxConfiguration.TomcatDataSourceJmxConfiguration:
      Did not match:
         - @ConditionalOnClass did not find required class 'org.apache.tomcat.jdbc.pool.DataSourceProxy' (OnClassCondition)

   DataSourcePoolMetadataProvidersConfiguration.CommonsDbcp2PoolDataSourceMetadataProviderConfiguration:
      Did not match:
         - @ConditionalOnClass did not find required class 'org.apache.commons.dbcp2.BasicDataSource' (OnClassCondition)

   DataSourcePoolMetadataProvidersConfiguration.OracleUcpPoolDataSourceMetadataProviderConfiguration:
      Did not match:
         - @ConditionalOnClass did not find required classes 'oracle.ucp.jdbc.PoolDataSource', 'oracle.jdbc.OracleConnection' (OnClassCondition)

   DataSourcePoolMetadataProvidersConfiguration.TomcatDataSourcePoolMetadataProviderConfiguration:
      Did not match:
         - @ConditionalOnClass did not find required class 'org.apache.tomcat.jdbc.pool.DataSource' (OnClassCondition)

   DataSourceTransactionManagerAutoConfiguration.JdbcTransactionManagerConfiguration#transactionManager:
      Did not match:
         - @ConditionalOnMissingBean (types: org.springframework.transaction.TransactionManager; SearchStrategy: all) found beans of type 'org.springframework.transaction.TransactionManager' transactionManager (OnBeanCondition)

   DispatcherServletAutoConfiguration.DispatcherServletConfiguration#multipartResolver:
      Did not match:
         - @ConditionalOnBean (types: org.springframework.web.multipart.MultipartResolver; SearchStrategy: all) did not find any beans of type org.springframework.web.multipart.MultipartResolver (OnBeanCondition)

   ElasticsearchClientAutoConfiguration:
      Did not match:
         - @ConditionalOnClass did not find required class 'co.elastic.clients.elasticsearch.ElasticsearchClient' (OnClassCondition)

   ElasticsearchDataAutoConfiguration:
      Did not match:
         - @ConditionalOnClass did not find required class 'org.springframework.data.elasticsearch.client.elc.ElasticsearchTemplate' (OnClassCondition)

   ElasticsearchRepositoriesAutoConfiguration:
      Did not match:
         - @ConditionalOnClass did not find required class 'org.springframework.data.elasticsearch.repository.ElasticsearchRepository' (OnClassCondition)

   ElasticsearchRestClientAutoConfiguration:
      Did not match:
         - @ConditionalOnClass did not find required class 'org.elasticsearch.client.RestClientBuilder' (OnClassCondition)

   EmbeddedLdapAutoConfiguration:
      Did not match:
         - @ConditionalOnClass did not find required class 'com.unboundid.ldap.listener.InMemoryDirectoryServer' (OnClassCondition)

   EmbeddedWebServerFactoryCustomizerAutoConfiguration.JettyWebServerFactoryCustomizerConfiguration:
      Did not match:
         - @ConditionalOnClass did not find required classes 'org.eclipse.jetty.server.Server', 'org.eclipse.jetty.util.Loader', 'org.eclipse.jetty.webapp.WebAppContext' (OnClassCondition)

   EmbeddedWebServerFactoryCustomizerAutoConfiguration.NettyWebServerFactoryCustomizerConfiguration:
      Did not match:
         - @ConditionalOnClass did not find required class 'reactor.netty.http.server.HttpServer' (OnClassCondition)

   EmbeddedWebServerFactoryCustomizerAutoConfiguration.UndertowWebServerFactoryCustomizerConfiguration:
      Did not match:
         - @ConditionalOnClass did not find required classes 'io.undertow.Undertow', 'org.xnio.SslClientAuthMode' (OnClassCondition)

   ErrorMvcAutoConfiguration#basicErrorController:
      Did not match:
         - @ConditionalOnMissingBean (types: org.springframework.boot.web.servlet.error.ErrorController; SearchStrategy: current) found beans of type 'org.springframework.boot.web.servlet.error.ErrorController' errorController (OnBeanCondition)

   ErrorWebFluxAutoConfiguration:
      Did not match:
         - @ConditionalOnClass did not find required class 'org.springframework.web.reactive.config.WebFluxConfigurer' (OnClassCondition)

   FlywayAutoConfiguration:
      Did not match:
         - @ConditionalOnClass did not find required class 'org.flywaydb.core.Flyway' (OnClassCondition)

   FreeMarkerAutoConfiguration:
      Did not match:
         - @ConditionalOnClass did not find required class 'freemarker.template.Configuration' (OnClassCondition)

   GenericCacheConfiguration:
      Did not match:
         - @ConditionalOnBean (types: org.springframework.cache.Cache; SearchStrategy: all) did not find any beans of type org.springframework.cache.Cache (OnBeanCondition)
      Matched:
         - Cache org.springframework.boot.autoconfigure.cache.GenericCacheConfiguration automatic cache type (CacheCondition)

   GraphQlAutoConfiguration:
      Did not match:
         - @ConditionalOnClass did not find required class 'graphql.GraphQL' (OnClassCondition)

   GraphQlQueryByExampleAutoConfiguration:
      Did not match:
         - @ConditionalOnClass did not find required class 'graphql.GraphQL' (OnClassCondition)

   GraphQlQuerydslAutoConfiguration:
      Did not match:
         - @ConditionalOnClass did not find required class 'graphql.GraphQL' (OnClassCondition)

   GraphQlRSocketAutoConfiguration:
      Did not match:
         - @ConditionalOnClass did not find required class 'graphql.GraphQL' (OnClassCondition)

   GraphQlReactiveQueryByExampleAutoConfiguration:
      Did not match:
         - @ConditionalOnClass did not find required class 'graphql.GraphQL' (OnClassCondition)

   GraphQlReactiveQuerydslAutoConfiguration:
      Did not match:
         - @ConditionalOnClass did not find required class 'graphql.GraphQL' (OnClassCondition)

   GraphQlWebFluxAutoConfiguration:
      Did not match:
         - @ConditionalOnClass did not find required class 'graphql.GraphQL' (OnClassCondition)

   GraphQlWebFluxSecurityAutoConfiguration:
      Did not match:
         - @ConditionalOnClass did not find required class 'graphql.GraphQL' (OnClassCondition)

   GraphQlWebMvcAutoConfiguration:
      Did not match:
         - @ConditionalOnClass did not find required class 'graphql.GraphQL' (OnClassCondition)

   GraphQlWebMvcSecurityAutoConfiguration:
      Did not match:
         - @ConditionalOnClass did not find required class 'graphql.GraphQL' (OnClassCondition)

   GroovyTemplateAutoConfiguration:
      Did not match:
         - @ConditionalOnClass did not find required class 'groovy.text.markup.MarkupTemplateEngine' (OnClassCondition)

   GsonAutoConfiguration:
      Did not match:
         - @ConditionalOnClass did not find required class 'com.google.gson.Gson' (OnClassCondition)

   GsonHttpMessageConvertersConfiguration:
      Did not match:
         - @ConditionalOnClass did not find required class 'com.google.gson.Gson' (OnClassCondition)

   H2ConsoleAutoConfiguration:
      Did not match:
         - @ConditionalOnClass did not find required class 'org.h2.server.web.JakartaWebServlet' (OnClassCondition)

   HazelcastAutoConfiguration:
      Did not match:
         - @ConditionalOnClass did not find required class 'com.hazelcast.core.HazelcastInstance' (OnClassCondition)

   HazelcastCacheConfiguration:
      Did not match:
         - @ConditionalOnClass did not find required class 'com.hazelcast.core.HazelcastInstance' (OnClassCondition)

   HazelcastJpaDependencyAutoConfiguration:
      Did not match:
         - @ConditionalOnClass did not find required class 'com.hazelcast.core.HazelcastInstance' (OnClassCondition)

   HttpHandlerAutoConfiguration:
      Did not match:
         - @ConditionalOnClass did not find required class 'org.springframework.web.reactive.DispatcherHandler' (OnClassCondition)

   HypermediaAutoConfiguration:
      Did not match:
         - @ConditionalOnClass did not find required class 'org.springframework.hateoas.EntityModel' (OnClassCondition)

   InfinispanCacheConfiguration:
      Did not match:
         - @ConditionalOnClass did not find required class 'org.infinispan.spring.embedded.provider.SpringEmbeddedCacheManager' (OnClassCondition)

   InfluxDbAutoConfiguration:
      Did not match:
         - @ConditionalOnClass did not find required class 'org.influxdb.InfluxDB' (OnClassCondition)

   IntegrationAutoConfiguration:
      Did not match:
         - @ConditionalOnClass did not find required class 'org.springframework.integration.config.EnableIntegration' (OnClassCondition)

   JCacheCacheConfiguration:
      Did not match:
         - @ConditionalOnClass did not find required class 'javax.cache.Caching' (OnClassCondition)

   JacksonHttpMessageConvertersConfiguration.MappingJackson2XmlHttpMessageConverterConfiguration:
      Did not match:
         - @ConditionalOnClass did not find required class 'com.fasterxml.jackson.dataformat.xml.XmlMapper' (OnClassCondition)

   JdbcRepositoriesAutoConfiguration:
      Did not match:
         - @ConditionalOnClass did not find required class 'org.springframework.data.jdbc.repository.config.AbstractJdbcConfiguration' (OnClassCondition)

   JerseyAutoConfiguration:
      Did not match:
         - @ConditionalOnClass did not find required class 'org.glassfish.jersey.server.spring.SpringComponentProvider' (OnClassCondition)

   JmsAutoConfiguration:
      Did not match:
         - @ConditionalOnClass did not find required class 'jakarta.jms.Message' (OnClassCondition)

   JmxAutoConfiguration:
      Did not match:
         - @ConditionalOnProperty (spring.jmx.enabled=true) did not find property 'enabled' (OnPropertyCondition)
      Matched:
         - @ConditionalOnClass found required class 'org.springframework.jmx.export.MBeanExporter' (OnClassCondition)

   JndiConnectionFactoryAutoConfiguration:
      Did not match:
         - @ConditionalOnClass did not find required class 'org.springframework.jms.core.JmsTemplate' (OnClassCondition)

   JndiDataSourceAutoConfiguration:
      Did not match:
         - @ConditionalOnProperty (spring.datasource.jndi-name) did not find property 'jndi-name' (OnPropertyCondition)
      Matched:
         - @ConditionalOnClass found required classes 'javax.sql.DataSource', 'org.springframework.jdbc.datasource.embedded.EmbeddedDatabaseType' (OnClassCondition)

   JndiJtaConfiguration:
      Did not match:
         - @ConditionalOnJndi JNDI environment is not available (OnJndiCondition)
      Matched:
         - @ConditionalOnClass found required class 'org.springframework.transaction.jta.JtaTransactionManager' (OnClassCondition)

   JooqAutoConfiguration:
      Did not match:
         - @ConditionalOnClass did not find required class 'org.jooq.DSLContext' (OnClassCondition)

   JpaBaseConfiguration.JpaWebConfiguration:
      Did not match:
         - @ConditionalOnProperty (spring.jpa.open-in-view=true) found different value in property 'open-in-view' (OnPropertyCondition)
      Matched:
         - @ConditionalOnClass found required class 'org.springframework.web.servlet.config.annotation.WebMvcConfigurer' (OnClassCondition)
         - found 'session' scope (OnWebApplicationCondition)

   JpaRepositoriesAutoConfiguration#entityManagerFactoryBootstrapExecutorCustomizer:
      Did not match:
         - AnyNestedCondition 0 matched 2 did not; NestedCondition on JpaRepositoriesAutoConfiguration.BootstrapExecutorCondition.LazyBootstrapMode @ConditionalOnProperty (spring.data.jpa.repositories.bootstrap-mode=lazy) did not find property 'bootstrap-mode'; NestedCondition on JpaRepositoriesAutoConfiguration.BootstrapExecutorCondition.DeferredBootstrapMode @ConditionalOnProperty (spring.data.jpa.repositories.bootstrap-mode=deferred) did not find property 'bootstrap-mode' (JpaRepositoriesAutoConfiguration.BootstrapExecutorCondition)

   JsonbAutoConfiguration:
      Did not match:
         - @ConditionalOnClass did not find required class 'jakarta.json.bind.Jsonb' (OnClassCondition)

   JsonbHttpMessageConvertersConfiguration:
      Did not match:
         - @ConditionalOnClass did not find required class 'jakarta.json.bind.Jsonb' (OnClassCondition)

   KafkaAutoConfiguration:
      Did not match:
         - @ConditionalOnClass did not find required class 'org.springframework.kafka.core.KafkaTemplate' (OnClassCondition)

   LdapAutoConfiguration:
      Did not match:
         - @ConditionalOnClass did not find required class 'org.springframework.ldap.core.ContextSource' (OnClassCondition)

   LdapRepositoriesAutoConfiguration:
      Did not match:
         - @ConditionalOnClass did not find required class 'org.springframework.data.ldap.repository.LdapRepository' (OnClassCondition)

   MailSenderJndiConfiguration:
      Did not match:
         - @ConditionalOnProperty (spring.mail.jndi-name) did not find property 'jndi-name' (OnPropertyCondition)
      Matched:
         - @ConditionalOnClass found required class 'jakarta.mail.Session' (OnClassCondition)

   MailSenderValidatorAutoConfiguration:
      Did not match:
         - @ConditionalOnProperty (spring.mail.test-connection) did not find property 'test-connection' (OnPropertyCondition)

   MessageSourceAutoConfiguration:
      Did not match:
         - ResourceBundle did not find bundle with basename messages (MessageSourceAutoConfiguration.ResourceBundleCondition)

   MongoAutoConfiguration:
      Did not match:
         - @ConditionalOnClass did not find required class 'com.mongodb.client.MongoClient' (OnClassCondition)

   MongoDataAutoConfiguration:
      Did not match:
         - @ConditionalOnClass did not find required class 'com.mongodb.client.MongoClient' (OnClassCondition)

   MongoReactiveAutoConfiguration:
      Did not match:
         - @ConditionalOnClass did not find required class 'com.mongodb.reactivestreams.client.MongoClient' (OnClassCondition)

   MongoReactiveDataAutoConfiguration:
      Did not match:
         - @ConditionalOnClass did not find required class 'com.mongodb.reactivestreams.client.MongoClient' (OnClassCondition)

   MongoReactiveRepositoriesAutoConfiguration:
      Did not match:
         - @ConditionalOnClass did not find required class 'com.mongodb.reactivestreams.client.MongoClient' (OnClassCondition)

   MongoRepositoriesAutoConfiguration:
      Did not match:
         - @ConditionalOnClass did not find required class 'com.mongodb.client.MongoClient' (OnClassCondition)

   MultipleOpenApiSupportConfiguration.SpringDocWebMvcActuatorDifferentConfiguration:
      Did not match:
         - @ConditionalOnClass did not find required class 'org.springframework.boot.actuate.endpoint.web.servlet.WebMvcEndpointHandlerMapping' (OnClassCondition)

   MustacheAutoConfiguration:
      Did not match:
         - @ConditionalOnClass did not find required class 'com.samskivert.mustache.Mustache' (OnClassCondition)

   Neo4jAutoConfiguration:
      Did not match:
         - @ConditionalOnClass did not find required class 'org.neo4j.driver.Driver' (OnClassCondition)

   Neo4jDataAutoConfiguration:
      Did not match:
         - @ConditionalOnClass did not find required class 'org.neo4j.driver.Driver' (OnClassCondition)

   Neo4jReactiveDataAutoConfiguration:
      Did not match:
         - @ConditionalOnClass did not find required class 'org.neo4j.driver.Driver' (OnClassCondition)

   Neo4jReactiveRepositoriesAutoConfiguration:
      Did not match:
         - @ConditionalOnClass did not find required class 'org.neo4j.driver.Driver' (OnClassCondition)

   Neo4jRepositoriesAutoConfiguration:
      Did not match:
         - @ConditionalOnClass did not find required class 'org.neo4j.driver.Driver' (OnClassCondition)

   NettyAutoConfiguration:
      Did not match:
         - @ConditionalOnClass did not find required class 'io.netty.util.NettyRuntime' (OnClassCondition)

   NoOpCacheConfiguration:
      Did not match:
         - @ConditionalOnMissingBean (types: org.springframework.cache.CacheManager; SearchStrategy: all) found beans of type 'org.springframework.cache.CacheManager' cacheManager (OnBeanCondition)
      Matched:
         - Cache org.springframework.boot.autoconfigure.cache.NoOpCacheConfiguration automatic cache type (CacheCondition)

   ProjectInfoAutoConfiguration#buildProperties:
      Did not match:
         - @ConditionalOnResource did not find resource '${spring.info.build.location:classpath:META-INF/build-info.properties}' (OnResourceCondition)

   ProjectInfoAutoConfiguration#gitProperties:
      Did not match:
         - GitResource did not find git info at classpath:git.properties (ProjectInfoAutoConfiguration.GitResourceAvailableCondition)

   QuartzAutoConfiguration:
      Did not match:
         - @ConditionalOnClass did not find required class 'org.quartz.Scheduler' (OnClassCondition)

   R2dbcAutoConfiguration:
      Did not match:
         - @ConditionalOnClass did not find required class 'io.r2dbc.spi.ConnectionFactory' (OnClassCondition)

   R2dbcDataAutoConfiguration:
      Did not match:
         - @ConditionalOnClass did not find required class 'org.springframework.data.r2dbc.core.R2dbcEntityTemplate' (OnClassCondition)

   R2dbcRepositoriesAutoConfiguration:
      Did not match:
         - @ConditionalOnClass did not find required class 'io.r2dbc.spi.ConnectionFactory' (OnClassCondition)

   R2dbcTransactionManagerAutoConfiguration:
      Did not match:
         - @ConditionalOnClass did not find required class 'org.springframework.r2dbc.connection.R2dbcTransactionManager' (OnClassCondition)

   RSocketGraphQlClientAutoConfiguration:
      Did not match:
         - @ConditionalOnClass did not find required class 'graphql.GraphQL' (OnClassCondition)

   RSocketMessagingAutoConfiguration:
      Did not match:
         - @ConditionalOnClass did not find required class 'io.rsocket.RSocket' (OnClassCondition)

   RSocketRequesterAutoConfiguration:
      Did not match:
         - @ConditionalOnClass did not find required class 'io.rsocket.RSocket' (OnClassCondition)

   RSocketSecurityAutoConfiguration:
      Did not match:
         - @ConditionalOnClass did not find required class 'org.springframework.security.rsocket.core.SecuritySocketAcceptorInterceptor' (OnClassCondition)

   RSocketServerAutoConfiguration:
      Did not match:
         - @ConditionalOnClass did not find required class 'io.rsocket.core.RSocketServer' (OnClassCondition)

   RSocketStrategiesAutoConfiguration:
      Did not match:
         - @ConditionalOnClass did not find required class 'io.netty.buffer.PooledByteBufAllocator' (OnClassCondition)

   RabbitAutoConfiguration:
      Did not match:
         - @ConditionalOnClass did not find required class 'com.rabbitmq.client.Channel' (OnClassCondition)

   ReactiveElasticsearchClientAutoConfiguration:
      Did not match:
         - @ConditionalOnClass did not find required class 'co.elastic.clients.transport.ElasticsearchTransport' (OnClassCondition)

   ReactiveElasticsearchRepositoriesAutoConfiguration:
      Did not match:
         - @ConditionalOnClass did not find required class 'org.springframework.data.elasticsearch.client.elc.ReactiveElasticsearchClient' (OnClassCondition)

   ReactiveMultipartAutoConfiguration:
      Did not match:
         - @ConditionalOnClass did not find required class 'org.springframework.web.reactive.config.WebFluxConfigurer' (OnClassCondition)

   ReactiveOAuth2ClientAutoConfiguration:
      Did not match:
         - @ConditionalOnClass did not find required class 'reactor.core.publisher.Flux' (OnClassCondition)

   ReactiveOAuth2ResourceServerAutoConfiguration:
      Did not match:
         - @ConditionalOnWebApplication did not find reactive web application classes (OnWebApplicationCondition)

   ReactiveSecurityAutoConfiguration:
      Did not match:
         - @ConditionalOnClass did not find required class 'reactor.core.publisher.Flux' (OnClassCondition)

   ReactiveUserDetailsServiceAutoConfiguration:
      Did not match:
         - AnyNestedCondition 0 matched 2 did not; NestedCondition on ReactiveUserDetailsServiceAutoConfiguration.ReactiveUserDetailsServiceCondition.ReactiveWebApplicationCondition did not find reactive web application classes; NestedCondition on ReactiveUserDetailsServiceAutoConfiguration.ReactiveUserDetailsServiceCondition.RSocketSecurityEnabledCondition @ConditionalOnBean (types: org.springframework.messaging.rsocket.annotation.support.RSocketMessageHandler; SearchStrategy: all) did not find any beans of type org.springframework.messaging.rsocket.annotation.support.RSocketMessageHandler (ReactiveUserDetailsServiceAutoConfiguration.ReactiveUserDetailsServiceCondition)
      Matched:
         - @ConditionalOnClass found required class 'org.springframework.security.authentication.ReactiveAuthenticationManager' (OnClassCondition)

   ReactiveWebServerFactoryAutoConfiguration:
      Did not match:
         - @ConditionalOnWebApplication did not find reactive web application classes (OnWebApplicationCondition)

   RedisAutoConfiguration:
      Did not match:
         - @ConditionalOnClass did not find required class 'org.springframework.data.redis.core.RedisOperations' (OnClassCondition)

   RedisCacheConfiguration:
      Did not match:
         - @ConditionalOnClass did not find required class 'org.springframework.data.redis.connection.RedisConnectionFactory' (OnClassCondition)

   RedisReactiveAutoConfiguration:
      Did not match:
         - @ConditionalOnClass did not find required class 'reactor.core.publisher.Flux' (OnClassCondition)

   RedisRepositoriesAutoConfiguration:
      Did not match:
         - @ConditionalOnClass did not find required class 'org.springframework.data.redis.repository.configuration.EnableRedisRepositories' (OnClassCondition)

   RepositoryRestMvcAutoConfiguration:
      Did not match:
         - @ConditionalOnClass did not find required class 'org.springframework.data.rest.webmvc.config.RepositoryRestMvcConfiguration' (OnClassCondition)

   Saml2RelyingPartyAutoConfiguration:
      Did not match:
         - @ConditionalOnClass did not find required class 'org.springframework.security.saml2.provider.service.registration.RelyingPartyRegistrationRepository' (OnClassCondition)

   SecurityDataConfiguration:
      Did not match:
         - @ConditionalOnClass did not find required class 'org.springframework.security.data.repository.query.SecurityEvaluationContextExtension' (OnClassCondition)

   SendGridAutoConfiguration:
      Did not match:
         - @ConditionalOnClass did not find required class 'com.sendgrid.SendGrid' (OnClassCondition)

   ServletWebServerFactoryAutoConfiguration.ForwardedHeaderFilterConfiguration:
      Did not match:
         - @ConditionalOnMissingBean (types: org.springframework.web.filter.ForwardedHeaderFilter; SearchStrategy: all) found beans of type 'org.springframework.web.filter.ForwardedHeaderFilter' forwardedHeaderFilter (OnBeanCondition)
      Matched:
         - @ConditionalOnProperty (server.forward-headers-strategy=framework) matched (OnPropertyCondition)

   ServletWebServerFactoryConfiguration.EmbeddedJetty:
      Did not match:
         - @ConditionalOnClass did not find required classes 'org.eclipse.jetty.server.Server', 'org.eclipse.jetty.util.Loader', 'org.eclipse.jetty.webapp.WebAppContext' (OnClassCondition)

   ServletWebServerFactoryConfiguration.EmbeddedUndertow:
      Did not match:
         - @ConditionalOnClass did not find required classes 'io.undertow.Undertow', 'org.xnio.SslClientAuthMode' (OnClassCondition)

   SessionAutoConfiguration:
      Did not match:
         - @ConditionalOnClass did not find required class 'org.springframework.session.Session' (OnClassCondition)

   SimpleCacheConfiguration:
      Did not match:
         - @ConditionalOnMissingBean (types: org.springframework.cache.CacheManager; SearchStrategy: all) found beans of type 'org.springframework.cache.CacheManager' cacheManager (OnBeanCondition)
      Matched:
         - Cache org.springframework.boot.autoconfigure.cache.SimpleCacheConfiguration automatic cache type (CacheCondition)

   SpringApplicationAdminJmxAutoConfiguration:
      Did not match:
         - @ConditionalOnProperty (spring.application.admin.enabled=true) did not find property 'enabled' (OnPropertyCondition)

   SpringBootWebSecurityConfiguration.SecurityFilterChainConfiguration:
      Did not match:
         - AllNestedConditions 1 matched 1 did not; NestedCondition on DefaultWebSecurityCondition.Beans @ConditionalOnMissingBean (types: org.springframework.security.web.SecurityFilterChain; SearchStrategy: all) found beans of type 'org.springframework.security.web.SecurityFilterChain' apiFilterChain, filterChain; NestedCondition on DefaultWebSecurityCondition.Classes @ConditionalOnClass found required classes 'org.springframework.security.web.SecurityFilterChain', 'org.springframework.security.config.annotation.web.builders.HttpSecurity' (DefaultWebSecurityCondition)

   SpringBootWebSecurityConfiguration.WebSecurityEnablerConfiguration:
      Did not match:
         - @ConditionalOnMissingBean (names: springSecurityFilterChain; SearchStrategy: all) found beans named springSecurityFilterChain (OnBeanCondition)
      Matched:
         - @ConditionalOnClass found required class 'org.springframework.security.config.annotation.web.configuration.EnableWebSecurity' (OnClassCondition)

   SpringDocConfiguration#propertiesResolverForSchema:
      Did not match:
         - @ConditionalOnProperty (springdoc.api-docs.resolve-schema-properties) did not find property 'springdoc.api-docs.resolve-schema-properties' (OnPropertyCondition)

   SpringDocConfiguration#propertyCustomizingConverter:
      Did not match:
         - @ConditionalOnBean (types: org.springdoc.core.customizers.PropertyCustomizer; SearchStrategy: all) did not find any beans of type org.springdoc.core.customizers.PropertyCustomizer (OnBeanCondition)

   SpringDocConfiguration#springdocBeanFactoryPostProcessor2:
      Did not match:
         - @ConditionalOnMissingClass found unwanted class 'org.springframework.boot.context.properties.bind.BindResult' (OnClassCondition)

   SpringDocConfiguration.SpringDocActuatorConfiguration:
      Did not match:
         - @ConditionalOnClass did not find required class 'org.springframework.boot.actuate.autoconfigure.endpoint.web.WebEndpointProperties' (OnClassCondition)

   SpringDocConfiguration.SpringDocRepositoryRestConfiguration:
      Did not match:
         - @ConditionalOnClass did not find required class 'org.springframework.data.rest.core.config.RepositoryRestConfiguration' (OnClassCondition)

   SpringDocConfiguration.SpringDocWebFluxSupportConfiguration:
      Did not match:
         - @ConditionalOnClass did not find required class 'reactor.core.publisher.Flux' (OnClassCondition)

   SpringDocDataRestConfiguration:
      Did not match:
         - @ConditionalOnClass did not find required class 'org.springframework.data.rest.core.config.RepositoryRestConfiguration' (OnClassCondition)

   SpringDocFunctionCatalogConfiguration:
      Did not match:
         - @ConditionalOnClass did not find required class 'org.springframework.cloud.function.web.function.FunctionEndpointInitializer' (OnClassCondition)

   SpringDocGroovyConfiguration:
      Did not match:
         - @ConditionalOnClass did not find required class 'groovy.lang.MetaClass' (OnClassCondition)

   SpringDocHateoasConfiguration:
      Did not match:
         - @ConditionalOnClass did not find required class 'org.springframework.hateoas.server.LinkRelationProvider' (OnClassCondition)

   SpringDocJavadocConfiguration:
      Did not match:
         - @ConditionalOnClass did not find required class 'com.github.therapi.runtimejavadoc.CommentFormatter' (OnClassCondition)

   SpringDocKotlinConfiguration:
      Did not match:
         - @ConditionalOnClass did not find required class 'kotlin.coroutines.Continuation' (OnClassCondition)

   SpringDocKotlinxConfiguration:
      Did not match:
         - @ConditionalOnClass did not find required class 'kotlinx.coroutines.flow.Flow' (OnClassCondition)

   SpringDocNativeConfiguration:
      Did not match:
         - @ConditionalOnExpression (#{${springdoc.api-docs.enabled:true} and ${springdoc.enable-native-support:false}}) resulted in false (OnExpressionCondition)
      Matched:
         - @ConditionalOnWebApplication (required) found 'session' scope (OnWebApplicationCondition)

   SpringDocSecurityConfiguration.SpringSecurityLoginEndpointConfiguration#springSecurityLoginEndpointCustomiser:
      Did not match:
         - @ConditionalOnProperty (springdoc.show-login-endpoint) did not find property 'springdoc.show-login-endpoint' (OnPropertyCondition)

   SpringDocSortConfiguration#delegatingMethodParameterCustomizer:
      Did not match:
         - @ConditionalOnMissingBean (types: org.springdoc.core.customizers.DelegatingMethodParameterCustomizer; SearchStrategy: all) found beans of type 'org.springdoc.core.customizers.DelegatingMethodParameterCustomizer' delegatingMethodParameterCustomizer (OnBeanCondition)

   SpringDocWebMvcConfiguration.SpringDocWebMvcActuatorConfiguration:
      Did not match:
         - @ConditionalOnClass did not find required class 'org.springframework.boot.actuate.endpoint.web.servlet.WebMvcEndpointHandlerMapping' (OnClassCondition)

   SqlInitializationAutoConfiguration:
      Did not match:
         - NoneNestedConditions 1 matched 0 did not; NestedCondition on SqlInitializationAutoConfiguration.SqlInitializationModeCondition.ModeIsNever @ConditionalOnProperty (spring.sql.init.mode=never) matched (SqlInitializationAutoConfiguration.SqlInitializationModeCondition)
      Matched:
         - @ConditionalOnProperty (spring.sql.init.enabled) matched (OnPropertyCondition)

   SwaggerConfig#springWebProvider:
      Did not match:
         - @ConditionalOnMissingBean (types: org.springdoc.core.providers.SpringWebProvider; SearchStrategy: all) found beans of type 'org.springdoc.core.providers.SpringWebProvider' springWebProvider (OnBeanCondition)

   SwaggerConfig#swaggerUiConfigParameters:
      Did not match:
         - @ConditionalOnMissingBean (types: org.springdoc.core.properties.SwaggerUiConfigParameters; SearchStrategy: all) found beans of type 'org.springdoc.core.properties.SwaggerUiConfigParameters' org.springdoc.core.properties.SwaggerUiConfigParameters (OnBeanCondition)

   SwaggerConfig#swaggerUiHome:
      Did not match:
         - @ConditionalOnProperty (springdoc.swagger-ui.use-root-path=true) did not find property 'springdoc.swagger-ui.use-root-path' (OnPropertyCondition)

   SwaggerConfig.SwaggerActuatorWelcomeConfiguration:
      Did not match:
         - @ConditionalOnClass did not find required class 'org.springframework.boot.actuate.endpoint.web.servlet.WebMvcEndpointHandlerMapping' (OnClassCondition)

   TaskExecutionAutoConfiguration#applicationTaskExecutor:
      Did not match:
         - @ConditionalOnMissingBean (types: java.util.concurrent.Executor; SearchStrategy: all) found beans of type 'java.util.concurrent.Executor' mailExecutor (OnBeanCondition)

   TemplateEngineConfigurations.DefaultTemplateEngineConfiguration#templateEngine:
      Did not match:
         - @ConditionalOnMissingBean (types: org.thymeleaf.spring6.ISpringTemplateEngine; SearchStrategy: all) found beans of type 'org.thymeleaf.spring6.ISpringTemplateEngine' thymeleafTemplateEngine (OnBeanCondition)

   TemplateEngineConfigurations.ReactiveTemplateEngineConfiguration:
      Did not match:
         - did not find reactive web application classes (OnWebApplicationCondition)

   ThymeleafAutoConfiguration.DataAttributeDialectConfiguration:
      Did not match:
         - @ConditionalOnClass did not find required class 'com.github.mxab.thymeleaf.extras.dataattribute.dialect.DataAttributeDialect' (OnClassCondition)

   ThymeleafAutoConfiguration.ThymeleafSecurityDialectConfiguration:
      Did not match:
         - @ConditionalOnClass did not find required class 'org.thymeleaf.extras.springsecurity6.dialect.SpringSecurityDialect' (OnClassCondition)

   ThymeleafAutoConfiguration.ThymeleafWebFluxConfiguration:
      Did not match:
         - did not find reactive web application classes (OnWebApplicationCondition)

   ThymeleafAutoConfiguration.ThymeleafWebLayoutConfiguration:
      Did not match:
         - @ConditionalOnClass did not find required class 'nz.net.ultraq.thymeleaf.layoutdialect.LayoutDialect' (OnClassCondition)

   TransactionAutoConfiguration#transactionalOperator:
      Did not match:
         - @ConditionalOnSingleCandidate (types: org.springframework.transaction.ReactiveTransactionManager; SearchStrategy: all) did not find any beans (OnBeanCondition)

   TransactionAutoConfiguration.EnableTransactionManagementConfiguration.JdkDynamicAutoProxyConfiguration:
      Did not match:
         - @ConditionalOnProperty (spring.aop.proxy-target-class=false) did not find property 'proxy-target-class' (OnPropertyCondition)

   WebClientAutoConfiguration:
      Did not match:
         - @ConditionalOnClass did not find required class 'org.springframework.web.reactive.function.client.WebClient' (OnClassCondition)

   WebFluxAutoConfiguration:
      Did not match:
         - @ConditionalOnClass did not find required class 'org.springframework.web.reactive.config.WebFluxConfigurer' (OnClassCondition)

   WebMvcAutoConfiguration#hiddenHttpMethodFilter:
      Did not match:
         - @ConditionalOnProperty (spring.mvc.hiddenmethod.filter.enabled) did not find property 'enabled' (OnPropertyCondition)

   WebMvcAutoConfiguration.ProblemDetailsErrorHandlingConfiguration:
      Did not match:
         - @ConditionalOnProperty (spring.mvc.problemdetails.enabled=true) did not find property 'enabled' (OnPropertyCondition)

   WebMvcAutoConfiguration.WebMvcAutoConfigurationAdapter#beanNameViewResolver:
      Did not match:
         - @ConditionalOnMissingBean (types: org.springframework.web.servlet.view.BeanNameViewResolver; SearchStrategy: all) found beans of type 'org.springframework.web.servlet.view.BeanNameViewResolver' beanNameViewResolver (OnBeanCondition)

   WebServiceTemplateAutoConfiguration:
      Did not match:
         - @ConditionalOnClass did not find required class 'org.springframework.oxm.Marshaller' (OnClassCondition)

   WebServicesAutoConfiguration:
      Did not match:
         - @ConditionalOnClass did not find required class 'org.springframework.ws.transport.http.MessageDispatcherServlet' (OnClassCondition)

   WebSessionIdResolverAutoConfiguration:
      Did not match:
         - @ConditionalOnClass did not find required class 'reactor.core.publisher.Mono' (OnClassCondition)

   WebSocketMessagingAutoConfiguration:
      Did not match:
         - @ConditionalOnClass did not find required class 'org.springframework.web.socket.config.annotation.WebSocketMessageBrokerConfigurer' (OnClassCondition)

   WebSocketReactiveAutoConfiguration:
      Did not match:
         - @ConditionalOnWebApplication did not find reactive web application classes (OnWebApplicationCondition)

   WebSocketServletAutoConfiguration.JettyWebSocketConfiguration:
      Did not match:
         - @ConditionalOnClass did not find required class 'org.eclipse.jetty.websocket.jakarta.server.config.JakartaWebSocketServletContainerInitializer' (OnClassCondition)

   WebSocketServletAutoConfiguration.UndertowWebSocketConfiguration:
      Did not match:
         - @ConditionalOnClass did not find required class 'io.undertow.websockets.jsr.Bootstrap' (OnClassCondition)

   XADataSourceAutoConfiguration:
      Did not match:
         - @ConditionalOnBean (types: org.springframework.boot.jdbc.XADataSourceWrapper; SearchStrategy: all) did not find any beans of type org.springframework.boot.jdbc.XADataSourceWrapper (OnBeanCondition)
      Matched:
         - @ConditionalOnClass found required classes 'javax.sql.DataSource', 'jakarta.transaction.TransactionManager', 'org.springframework.jdbc.datasource.embedded.EmbeddedDatabaseType' (OnClassCondition)


Exclusions:
-----------

    org.springframework.boot.autoconfigure.security.oauth2.client.servlet.OAuth2ClientAutoConfiguration

    org.springframework.boot.autoconfigure.security.oauth2.resource.servlet.OAuth2ResourceServerAutoConfiguration

    org.springframework.boot.autoconfigure.security.servlet.UserDetailsServiceAutoConfiguration

    org.springframework.boot.autoconfigure.security.oauth2.client.servlet.OAuth2ClientAutoConfiguration

    org.springframework.boot.autoconfigure.security.oauth2.resource.servlet.OAuth2ResourceServerAutoConfiguration

    org.springframework.boot.autoconfigure.security.servlet.UserDetailsServiceAutoConfiguration


Unconditional classes:
----------------------

    org.springframework.boot.autoconfigure.context.ConfigurationPropertiesAutoConfiguration

    org.springframework.boot.autoconfigure.context.PropertyPlaceholderAutoConfiguration

    org.springframework.boot.autoconfigure.context.LifecycleAutoConfiguration

    org.springframework.boot.autoconfigure.availability.ApplicationAvailabilityAutoConfiguration

    org.springframework.boot.autoconfigure.info.ProjectInfoAutoConfiguration



2025-08-16T20:36:17.153+03:00 ERROR 15475 --- [           main] o.s.boot.SpringApplication               : Application run failed

org.springframework.beans.factory.BeanCreationException: Error creating bean with name 'liquibase' defined in class path resource [org/springframework/boot/autoconfigure/liquibase/LiquibaseAutoConfiguration$LiquibaseConfiguration.class]: org.postgresql.util.PSQLException: FATAL: invalid value for parameter "TimeZone": "Europe/Kiev"
	at org.springframework.beans.factory.support.AbstractAutowireCapableBeanFactory.initializeBean(AbstractAutowireCapableBeanFactory.java:1751) ~[spring-beans-6.0.4.jar!/:6.0.4]
	at org.springframework.beans.factory.support.AbstractAutowireCapableBeanFactory.doCreateBean(AbstractAutowireCapableBeanFactory.java:599) ~[spring-beans-6.0.4.jar!/:6.0.4]
	at org.springframework.beans.factory.support.AbstractAutowireCapableBeanFactory.createBean(AbstractAutowireCapableBeanFactory.java:521) ~[spring-beans-6.0.4.jar!/:6.0.4]
	at org.springframework.beans.factory.support.AbstractBeanFactory.lambda$doGetBean$0(AbstractBeanFactory.java:326) ~[spring-beans-6.0.4.jar!/:6.0.4]
	at org.springframework.beans.factory.support.DefaultSingletonBeanRegistry.getSingleton(DefaultSingletonBeanRegistry.java:234) ~[spring-beans-6.0.4.jar!/:6.0.4]
	at org.springframework.beans.factory.support.AbstractBeanFactory.doGetBean(AbstractBeanFactory.java:324) ~[spring-beans-6.0.4.jar!/:6.0.4]
	at org.springframework.beans.factory.support.AbstractBeanFactory.getBean(AbstractBeanFactory.java:200) ~[spring-beans-6.0.4.jar!/:6.0.4]
	at org.springframework.beans.factory.support.AbstractBeanFactory.doGetBean(AbstractBeanFactory.java:313) ~[spring-beans-6.0.4.jar!/:6.0.4]
	at org.springframework.beans.factory.support.AbstractBeanFactory.getBean(AbstractBeanFactory.java:200) ~[spring-beans-6.0.4.jar!/:6.0.4]
	at org.springframework.context.support.AbstractApplicationContext.getBean(AbstractApplicationContext.java:1130) ~[spring-context-6.0.4.jar!/:6.0.4]
	at org.springframework.context.support.AbstractApplicationContext.finishBeanFactoryInitialization(AbstractApplicationContext.java:905) ~[spring-context-6.0.4.jar!/:6.0.4]
	at org.springframework.context.support.AbstractApplicationContext.refresh(AbstractApplicationContext.java:584) ~[spring-context-6.0.4.jar!/:6.0.4]
	at org.springframework.boot.web.servlet.context.ServletWebServerApplicationContext.refresh(ServletWebServerApplicationContext.java:146) ~[spring-boot-3.0.2.jar!/:3.0.2]
	at org.springframework.boot.SpringApplication.refresh(SpringApplication.java:730) ~[spring-boot-3.0.2.jar!/:3.0.2]
	at org.springframework.boot.SpringApplication.refreshContext(SpringApplication.java:432) ~[spring-boot-3.0.2.jar!/:3.0.2]
	at org.springframework.boot.SpringApplication.run(SpringApplication.java:308) ~[spring-boot-3.0.2.jar!/:3.0.2]
	at org.springframework.boot.SpringApplication.run(SpringApplication.java:1302) ~[spring-boot-3.0.2.jar!/:3.0.2]
	at org.springframework.boot.SpringApplication.run(SpringApplication.java:1291) ~[spring-boot-3.0.2.jar!/:3.0.2]
	at com.javarush.jira.JiraRushApplication.main(JiraRushApplication.java:15) ~[classes!/:1.0]
	at java.base/jdk.internal.reflect.NativeMethodAccessorImpl.invoke0(Native Method) ~[na:na]
	at java.base/jdk.internal.reflect.NativeMethodAccessorImpl.invoke(NativeMethodAccessorImpl.java:77) ~[na:na]
	at java.base/jdk.internal.reflect.DelegatingMethodAccessorImpl.invoke(DelegatingMethodAccessorImpl.java:43) ~[na:na]
	at java.base/java.lang.reflect.Method.invoke(Method.java:568) ~[na:na]
	at org.springframework.boot.loader.MainMethodRunner.run(MainMethodRunner.java:49) ~[jira-1.0.jar:1.0]
	at org.springframework.boot.loader.Launcher.launch(Launcher.java:95) ~[jira-1.0.jar:1.0]
	at org.springframework.boot.loader.Launcher.launch(Launcher.java:58) ~[jira-1.0.jar:1.0]
	at org.springframework.boot.loader.JarLauncher.main(JarLauncher.java:65) ~[jira-1.0.jar:1.0]
Caused by: liquibase.exception.DatabaseException: org.postgresql.util.PSQLException: FATAL: invalid value for parameter "TimeZone": "Europe/Kiev"
	at liquibase.integration.spring.SpringLiquibase.afterPropertiesSet(SpringLiquibase.java:285) ~[liquibase-core-4.17.2.jar!/:na]
	at org.springframework.beans.factory.support.AbstractAutowireCapableBeanFactory.invokeInitMethods(AbstractAutowireCapableBeanFactory.java:1797) ~[spring-beans-6.0.4.jar!/:6.0.4]
	at org.springframework.beans.factory.support.AbstractAutowireCapableBeanFactory.initializeBean(AbstractAutowireCapableBeanFactory.java:1747) ~[spring-beans-6.0.4.jar!/:6.0.4]
	... 26 common frames omitted
Caused by: org.postgresql.util.PSQLException: FATAL: invalid value for parameter "TimeZone": "Europe/Kiev"
	at org.postgresql.core.v3.QueryExecutorImpl.receiveErrorResponse(QueryExecutorImpl.java:2725) ~[postgresql-42.7.3.jar!/:42.7.3]
	at org.postgresql.core.v3.QueryExecutorImpl.readStartupMessages(QueryExecutorImpl.java:2837) ~[postgresql-42.7.3.jar!/:42.7.3]
	at org.postgresql.core.v3.QueryExecutorImpl.<init>(QueryExecutorImpl.java:175) ~[postgresql-42.7.3.jar!/:42.7.3]
	at org.postgresql.core.v3.ConnectionFactoryImpl.openConnectionImpl(ConnectionFactoryImpl.java:317) ~[postgresql-42.7.3.jar!/:42.7.3]
	at org.postgresql.core.ConnectionFactory.openConnection(ConnectionFactory.java:54) ~[postgresql-42.7.3.jar!/:42.7.3]
	at org.postgresql.jdbc.PgConnection.<init>(PgConnection.java:273) ~[postgresql-42.7.3.jar!/:42.7.3]
	at org.postgresql.Driver.makeConnection(Driver.java:446) ~[postgresql-42.7.3.jar!/:42.7.3]
	at org.postgresql.Driver.connect(Driver.java:298) ~[postgresql-42.7.3.jar!/:42.7.3]
	at com.zaxxer.hikari.util.DriverDataSource.getConnection(DriverDataSource.java:138) ~[HikariCP-5.0.1.jar!/:na]
	at com.zaxxer.hikari.pool.PoolBase.newConnection(PoolBase.java:359) ~[HikariCP-5.0.1.jar!/:na]
	at com.zaxxer.hikari.pool.PoolBase.newPoolEntry(PoolBase.java:201) ~[HikariCP-5.0.1.jar!/:na]
	at com.zaxxer.hikari.pool.HikariPool.createPoolEntry(HikariPool.java:470) ~[HikariCP-5.0.1.jar!/:na]
	at com.zaxxer.hikari.pool.HikariPool.checkFailFast(HikariPool.java:561) ~[HikariCP-5.0.1.jar!/:na]
	at com.zaxxer.hikari.pool.HikariPool.<init>(HikariPool.java:100) ~[HikariCP-5.0.1.jar!/:na]
	at com.zaxxer.hikari.HikariDataSource.getConnection(HikariDataSource.java:112) ~[HikariCP-5.0.1.jar!/:na]
	at liquibase.integration.spring.SpringLiquibase.afterPropertiesSet(SpringLiquibase.java:280) ~[liquibase-core-4.17.2.jar!/:na]
	... 28 common frames omitted

